attempt_id,game_id,word_sent,score,date,time,current_attemps,position_array,right_letters_in_wrong_positions
28,10,comenta,0.29,2022-07-12,16:21:31.810212,1,"{0,0,0,1,0,0,0}","{c,o}"
29,10,judesco,0.57,2022-07-12,16:21:32.628427,2,"{0,1,0,1,1,0,0}","{c,o}"
30,10,sucesor,1.0,2022-07-12,16:21:33.406153,3,"{1,1,1,1,1,1,1}",{}
31,11,comed,0.4,2022-07-17,19:08:59.690201,1,"{0,0,0,0,0}","{o,m,e}"
32,11,menor,0.6,2022-07-17,19:09:00.527308,2,"{1,1,0,0,0}","{o,r}"
33,11,metro,1.0,2022-07-17,19:09:01.264188,3,"{1,1,1,1,1}",{}
34,12,completan,0.22,2022-07-17,19:09:19.147841,1,"{0,0,0,0,0,0,0,1,0}","{o,l}"
35,12,florisbad,1.0,2022-07-17,19:09:19.947653,2,"{1,1,1,1,1,1,1,1,1}",{}
36,13,profetica,0.33,2022-07-17,19:09:28.04474,1,"{0,0,0,0,0,0,0,0,0}","{o,e,t,i,c}"
37,13,lectionum,0.33,2022-07-17,19:09:28.851377,2,"{0,0,0,1,1,0,1,0,0}","{e,c,o}"
38,13,contienen,1.0,2022-07-17,19:09:29.666877,3,"{1,1,1,1,1,1,1,1,1}",{}
39,14,estimulando,0.45,2022-07-17,19:09:42.647675,1,"{0,0,1,1,0,1,0,0,0,0,0}","{s,l,a,n,d,o}"
40,14,latifundios,1.0,2022-07-17,19:09:43.369727,2,"{1,1,1,1,1,1,1,1,1,1,1}",{}
41,15,profetica,0.44,2022-07-17,19:09:51.791346,1,"{1,1,0,0,0,0,1,0,1}",{e}
42,15,prealpina,1.0,2022-07-17,19:09:52.544854,2,"{1,1,1,1,1,1,1,1,1}",{}
43,16,comed,0.4,2022-07-17,19:09:57.907349,1,"{0,1,0,0,0}",{e}
44,16,noble,0.4,2022-07-17,19:09:58.784414,2,"{0,1,0,0,1}",{}
45,16,jorge,1.0,2022-07-17,19:09:59.512035,3,"{1,1,1,1,1}",{}
46,17,estipulado,0.3,2022-07-17,19:10:05.78794,1,"{0,0,0,0,0,0,0,0,0,0}","{e,s,i,u,a}"
47,17,unificarse,0.6,2022-07-17,19:10:06.550651,2,"{0,0,0,0,0,0,1,1,1,1}","{u,i,f}"
48,17,refugiarse,1.0,2022-07-17,19:10:07.319962,3,"{1,1,1,1,1,1,1,1,1,1}",{}
49,18,comenta,0.29,2022-07-17,19:10:13.345261,1,"{0,0,0,0,0,0,0}","{e,t,a}"
50,18,adultez,0.14,2022-07-17,19:10:14.050477,2,"{0,0,0,0,0,1,0}","{a,l,t}"
51,18,vitales,0.57,2022-07-17,19:10:14.745249,3,"{0,0,0,0,1,1,1}","{t,a}"
52,18,beatles,1.0,2022-07-17,19:10:15.450684,4,"{1,1,1,1,1,1,1}",{}
53,19,estimula,0.38,2022-07-17,19:10:28.665575,1,"{0,0,0,0,0,0,0,1}","{e,i}"
54,19,profecia,0.62,2022-07-17,19:10:29.447829,2,"{0,0,0,0,0,1,1,1}","{r,e}"
55,19,gerencia,0.75,2022-07-17,19:10:30.168369,3,"{0,1,0,1,1,1,1,1}","{g,r}"
56,19,regencia,1.0,2022-07-17,19:10:30.892619,4,"{1,1,1,1,1,1,1,1}",{}
57,20,aceros,0.5,2022-07-17,19:10:39.612203,1,"{0,0,0,0,0,0}","{c,e,r,o}"
58,20,enrico,1.0,2022-07-17,19:10:40.468131,2,"{1,1,1,1,1,1}",{}
59,21,profetica,0.11,2022-07-17,19:10:47.605222,1,"{0,0,0,0,0,0,0,0,0}","{r,e,i,a}"
60,21,insalubre,0.33,2022-07-17,19:10:48.445337,2,"{0,0,0,0,0,0,0,0,0}","{i,s,a,r,e}"
61,21,emergidas,0.44,2022-07-17,19:10:49.308076,3,"{0,0,0,0,0,1,0,1,1}","{e,r,g}"
62,21,agresivas,1.0,2022-07-17,19:10:50.028117,4,"{1,1,1,1,1,1,1,1,1}",{}
63,22,aliento,0.43,2022-07-17,19:11:01.130716,1,"{0,0,0,0,0,0,1}","{i,e,t}"
64,22,estudio,0.71,2022-07-17,19:11:02.170699,2,"{0,0,1,0,1,1,1}",{e}
65,22,metodio,1.0,2022-07-17,19:11:03.030593,3,"{1,1,1,1,1,1,1}",{}
66,23,estipulado,0.2,2022-07-17,19:11:11.928245,1,"{0,0,0,0,0,0,0,1,0,0}","{i,d,o}"
67,23,draconiana,1.0,2022-07-17,19:11:12.725789,2,"{1,1,1,1,1,1,1,1,1,1}",{}
68,24,procedan,0.38,2022-07-17,19:11:19.477031,1,"{0,0,0,0,0,0,0,0}","{p,r,o,d,a}"
69,24,disparos,1.0,2022-07-17,19:11:20.368246,2,"{1,1,1,1,1,1,1,1}",{}
70,25,cortan,0.17,2022-07-17,19:11:34.393816,1,"{0,0,1,0,0,0}",{}
71,25,perfil,0.17,2022-07-17,19:11:35.511043,2,"{0,0,1,0,0,0}",{e}
72,25,survey,0.83,2022-07-17,19:11:36.228496,3,"{1,1,1,0,1,1}",{}
73,25,surrey,1.0,2022-07-17,19:11:36.991671,4,"{1,1,1,1,1,1}",{}
74,26,shad,0.0,2022-07-17,19:11:46.831,1,"{0,0,0,0}",{}
75,26,cork,0.25,2022-07-17,19:11:47.631152,2,"{1,0,0,0}",{}
76,26,city,1.0,2022-07-17,19:11:48.40903,3,"{1,1,1,1}",{}
77,27,profetica,0.11,2022-07-17,19:11:55.268441,1,"{0,0,0,0,0,0,0,0,0}","{o,t,i,c}"
78,27,conquisto,1.0,2022-07-17,19:11:56.009453,2,"{1,1,1,1,1,1,1,1,1}",{}
79,28,profetica,0.22,2022-07-17,19:12:02.031373,1,"{0,0,0,0,1,0,0,0,0}","{r,i}"
80,28,heidegger,1.0,2022-07-17,19:12:02.725823,2,"{1,1,1,1,1,1,1,1,1}",{}
81,29,republicanos,0.33,2022-07-17,19:12:07.69284,1,"{0,0,0,0,0,0,0,0,0,1,0,0}","{r,e,p,i,a}"
82,29,primeramente,1.0,2022-07-17,19:12:08.469225,2,"{1,1,1,1,1,1,1,1,1,1,1,1}",{}
83,30,procedan,0.38,2022-07-17,19:12:13.834288,1,"{0,0,0,0,0,0,1,1}",{o}
84,30,jonathan,1.0,2022-07-17,19:12:14.569295,2,"{1,1,1,1,1,1,1,1}",{}
85,31,profetica,0.44,2022-07-17,19:12:21.509141,1,"{0,0,0,0,0,0,1,0,0}","{e,t,a}"
86,31,extendian,1.0,2022-07-17,19:12:22.269069,2,"{1,1,1,1,1,1,1,1,1}",{}
87,32,consumible,0.2,2022-07-17,19:12:30.132413,1,"{0,0,0,0,0,0,1,0,0,0}","{n,s,b,e}"
88,32,berantines,1.0,2022-07-17,19:12:30.853011,2,"{1,1,1,1,1,1,1,1,1,1}",{}
89,33,republicanismo,0.21,2022-07-17,19:12:37.429122,1,"{0,0,0,0,0,0,0,0,0,0,0,0,0,0}","{r,e,i,c,a,n}"
90,33,caracterizaran,1.0,2022-07-17,19:12:38.366266,2,"{1,1,1,1,1,1,1,1,1,1,1,1,1,1}",{}
91,34,procedan,0.38,2022-07-17,19:12:55.069264,1,"{0,1,0,0,0,0,0,0}","{o,c,e,d}"
92,34,creditos,1.0,2022-07-17,19:12:55.792738,2,"{1,1,1,1,1,1,1,1}",{}
93,35,estimulando,0.64,2022-07-17,19:13:06.729751,1,"{0,0,0,0,0,0,0,1,1,1,1}","{e,s,t,u}"
94,35,orquestando,1.0,2022-07-17,19:13:07.469563,2,"{1,1,1,1,1,1,1,1,1,1,1}",{}
95,36,centigrados,0.27,2022-07-17,19:13:12.693289,1,"{0,0,0,0,0,0,0,0,0,0,0}","{n,t,i,r,a,d,s}"
96,36,administran,0.91,2022-07-17,19:13:13.414884,2,"{1,1,1,1,1,1,1,1,1,1,0}",{}
97,36,administrar,1.0,2022-07-17,19:13:14.09369,3,"{1,1,1,1,1,1,1,1,1,1,1}",{}
98,37,evolucionada,0.33,2022-07-17,19:13:19.749789,1,"{1,0,0,0,0,0,0,0,0,0,0,0}","{o,u,i,n,a}"
99,37,equipamiento,1.0,2022-07-17,19:13:20.532205,2,"{1,1,1,1,1,1,1,1,1,1,1,1}",{}
100,38,consumible,0.1,2022-07-17,19:13:29.729841,1,"{0,0,0,0,0,0,0,0,0,0}","{o,n,b}"
101,38,trabajando,1.0,2022-07-17,19:13:30.549716,2,"{1,1,1,1,1,1,1,1,1,1}",{}
102,39,estimula,0.12,2022-07-17,19:13:36.408865,1,"{0,0,0,0,0,0,0,0}","{s,a}"
103,39,abogados,0.75,2022-07-17,19:13:37.147074,2,"{1,0,0,0,1,1,1,1}",{b}
104,39,acabados,1.0,2022-07-17,19:13:37.930059,3,"{1,1,1,1,1,1,1,1}",{}
105,40,republicanos,0.17,2022-07-17,19:13:44.032194,1,"{0,0,0,0,0,0,0,0,0,1,0,0}","{e,u,i,o,s}"
106,40,disminuyendo,1.0,2022-07-17,19:13:44.753899,2,"{1,1,1,1,1,1,1,1,1,1,1,1}",{}
107,41,aliento,0.43,2022-07-17,19:14:06.430405,1,"{0,0,0,0,0,0,1}","{i,e,t}"
108,41,estudio,1.0,2022-07-17,19:14:07.252846,2,"{1,1,1,1,1,1,1}",{}
109,42,comenta,0.29,2022-07-17,19:14:14.073865,1,"{0,1,0,0,0,0,1}",{}
110,42,golpiza,0.29,2022-07-17,19:14:14.992604,2,"{0,1,0,0,0,0,1}","{g,l}"
111,42,lograba,1.0,2022-07-17,19:14:15.910751,3,"{1,1,1,1,1,1,1}",{}
112,43,equilibrado,0.45,2022-07-17,19:14:22.527322,1,"{0,0,1,0,0,0,0,0,0,0,0}","{i,l,i,a,o}"
113,43,acumulacion,0.64,2022-07-17,19:14:23.456139,2,"{0,0,1,1,0,0,1,1,1,1,1}",{l}
114,43,iluminacion,1.0,2022-07-17,19:14:24.46731,3,"{1,1,1,1,1,1,1,1,1,1,1}",{}
115,44,averiguo,0.38,2022-07-17,19:14:33.675464,1,"{0,1,0,0,0,0,0,0}","{a,e,r,i}"
116,44,evitaria,1.0,2022-07-17,19:14:34.390126,2,"{1,1,1,1,1,1,1,1}",{}
117,45,aceros,0.33,2022-07-17,19:14:40.392658,1,"{0,0,0,0,0,0}","{e,o}"
118,45,embudo,0.33,2022-07-17,19:14:41.113968,2,"{0,0,0,0,0,1}",{e}
119,45,golpeo,0.5,2022-07-17,19:14:41.8073,3,"{0,0,0,0,0,1}","{p,e}"
120,45,pepino,1.0,2022-07-17,19:14:42.490325,4,"{1,1,1,1,1,1}",{}
121,46,estipulado,0.5,2022-07-17,19:14:51.893481,1,"{1,0,0,0,0,0,0,1,1,0}","{t,i}"
122,46,enfatizada,1.0,2022-07-17,19:14:52.593161,2,"{1,1,1,1,1,1,1,1,1,1}",{}
123,47,centigrados,0.18,2022-07-17,19:14:57.847297,1,"{0,0,0,1,0,0,0,0,0,1,0}","{c,n,i,r,s}"
124,47,obstruccion,1.0,2022-07-17,19:14:58.612985,2,"{1,1,1,1,1,1,1,1,1,1,1}",{}
125,48,acuño,0.4,2022-07-17,19:15:07.253561,1,"{0,0,0,0,1}",{u}
126,48,judeo,0.6,2022-07-17,19:15:08.04783,2,"{0,1,0,0,1}","{d,e}"
127,48,duelo,1.0,2022-07-17,19:15:08.833114,3,"{1,1,1,1,1}",{}
128,49,profetica,0.33,2022-07-17,19:15:17.79258,1,"{0,0,0,0,0,0,1,1,0}",{o}
129,49,simbolico,1.0,2022-07-17,19:15:18.68047,2,"{1,1,1,1,1,1,1,1,1}",{}
130,50,estipulado,0.4,2022-07-17,19:15:26.82784,1,"{0,0,0,0,0,0,0,0,0,1}","{e,s,i,u,a,d}"
131,50,secundario,1.0,2022-07-17,19:15:27.51077,2,"{1,1,1,1,1,1,1,1,1,1}",{}
132,51,agrupaciones,0.5,2022-07-17,19:15:32.67372,1,"{0,0,1,0,0,0,0,0,0,0,1,1}","{a,i,o,n}"
133,51,meridionales,1.0,2022-07-17,19:15:33.374568,2,"{1,1,1,1,1,1,1,1,1,1,1,1}",{}
134,52,consumible,0.2,2022-07-17,19:15:41.271106,1,"{0,1,0,0,0,0,0,0,0,1}","{n,s}"
135,52,sostenerse,1.0,2022-07-17,19:15:42.007829,2,"{1,1,1,1,1,1,1,1,1,1}",{}
136,53,comed,0.2,2022-07-17,19:15:48.127729,1,"{0,1,0,0,0}",{}
137,53,bolas,0.4,2022-07-17,19:15:49.073583,2,"{0,1,0,0,0}",{s}
138,53,south,0.2,2022-07-17,19:15:49.847873,3,"{0,1,0,0,0}",{s}
139,53,gospi,1.0,2022-07-17,19:15:50.590778,4,"{1,1,1,1,1}",{}
140,54,agrupaciones,0.17,2022-07-17,19:16:01.730899,1,"{0,0,0,0,1,0,0,1,0,0,0,0}","{a,a,o,n}"
141,54,monopolizaba,1.0,2022-07-17,19:16:02.395705,2,"{1,1,1,1,1,1,1,1,1,1,1,1}",{}
142,55,centigrados,0.27,2022-07-17,19:16:08.928368,1,"{1,0,0,0,0,0,0,0,0,0,1}","{e,t,r,o}"
143,55,corruptores,1.0,2022-07-17,19:16:10.208461,2,"{1,1,1,1,1,1,1,1,1,1,1}",{}
144,56,profetica,0.22,2022-07-17,19:16:17.231192,1,"{0,0,0,0,0,0,0,0,0}","{i,a}"
145,56,muyahidin,0.22,2022-07-17,19:16:18.051156,2,"{0,0,0,0,0,0,1,0,0}","{a,i,i}"
146,56,vigiladas,1.0,2022-07-17,19:16:18.795373,3,"{1,1,1,1,1,1,1,1,1}",{}
147,57,acuiferos,0.44,2022-07-17,19:16:26.23535,1,"{0,0,0,0,0,0,0,1,0}","{a,c,i}"
148,57,imitacion,0.67,2022-07-17,19:16:27.058119,2,"{0,0,1,0,1,1,1,1,1}",{}
149,57,oxidacion,1.0,2022-07-17,19:16:27.728285,3,"{1,1,1,1,1,1,1,1,1}",{}
150,58,aceros,0.33,2022-07-17,19:16:33.591346,1,"{0,0,0,0,0,0}","{a,o,s}"
151,58,sabido,0.17,2022-07-17,19:16:34.333728,2,"{0,0,0,0,0,0}","{s,a,i,d,o}"
152,58,odisha,1.0,2022-07-17,19:16:35.03079,3,"{1,1,1,1,1,1}",{}
153,59,agrupaciones,0.42,2022-07-17,19:16:40.531348,1,"{0,0,0,0,0,0,1,0,0,0,0,0}","{a,i,o,n}"
154,59,modificacion,1.0,2022-07-17,19:16:41.251277,2,"{1,1,1,1,1,1,1,1,1,1,1,1}",{}
155,60,comenta,0.14,2022-07-17,19:16:48.453833,1,"{0,0,0,0,0,0,0}","{e,a}"
156,60,pahlevi,0.29,2022-07-17,19:16:49.211484,2,"{0,1,0,0,0,0,0}",{e}
157,60,jarabes,0.43,2022-07-17,19:16:50.015196,3,"{0,1,0,0,0,0,0}","{a,b,e}"
158,60,babbage,1.0,2022-07-17,19:16:50.776159,4,"{1,1,1,1,1,1,1}",{}
159,61,aceros,0.17,2022-07-17,19:17:03.351472,1,"{0,0,0,0,0,0}",{a}
160,61,jiandu,0.5,2022-07-17,19:17:04.155938,2,"{0,1,0,0,0,0}","{a,n}"
161,61,finita,0.5,2022-07-17,19:17:04.855061,3,"{0,1,0,0,0,1}","{n,t}"
162,61,gitana,1.0,2022-07-17,19:17:05.548861,4,"{1,1,1,1,1,1}",{}
163,62,estimula,0.25,2022-07-17,19:17:12.271862,1,"{0,0,0,0,0,0,0,1}",{u}
164,62,guaracha,1.0,2022-07-17,19:17:12.994308,2,"{1,1,1,1,1,1,1,1}",{}
165,63,comed,0.2,2022-07-17,19:17:22.029468,1,"{0,0,0,0,0}","{m,d}"
166,63,mandi,0.4,2022-07-17,19:17:22.768855,2,"{0,0,0,0,0}","{m,a,d}"
167,63,adams,1.0,2022-07-17,19:17:23.508791,3,"{1,1,1,1,1}",{}
168,64,procedan,0.25,2022-07-17,19:17:31.671864,1,"{0,0,0,0,0,0,0,0}","{r,e}"
169,64,ilustres,1.0,2022-07-17,19:17:32.351988,2,"{1,1,1,1,1,1,1,1}",{}
170,65,estimulando,0.36,2022-07-17,19:17:38.648888,1,"{0,0,0,0,0,0,0,0,0,0,0}","{e,s,i,a,n,o}"
171,65,observacion,0.27,2022-07-17,19:17:39.554802,2,"{0,0,1,0,0,0,0,1,1,0,0}","{o,e,r,a,n}"
172,65,resonancias,1.0,2022-07-17,19:17:40.336202,3,"{1,1,1,1,1,1,1,1,1,1,1}",{}
173,66,comenta,0.29,2022-07-17,19:17:49.508862,1,"{0,0,0,0,0,0,0}","{e,t,a}"
174,66,adultez,0.43,2022-07-17,19:17:50.348869,2,"{0,0,0,0,1,1,0}","{a,d}"
175,66,debates,1.0,2022-07-17,19:17:51.031844,3,"{1,1,1,1,1,1,1}",{}
176,67,caen,0.25,2022-07-17,19:17:58.951682,1,"{0,0,0,0}",{a}
177,67,amor,0.25,2022-07-17,19:17:59.731859,2,"{0,0,0,0}",{a}
178,67,liga,0.5,2022-07-17,19:18:00.459898,3,"{0,0,0,1}",{i}
179,67,ista,1.0,2022-07-17,19:18:01.174225,4,"{1,1,1,1}",{}
180,68,procedan,0.5,2022-07-17,19:18:13.172219,1,"{1,1,0,0,1,0,0,0}",{n}
181,68,presente,1.0,2022-07-17,19:18:13.892226,2,"{1,1,1,1,1,1,1,1}",{}
182,69,estipulado,0.2,2022-07-17,19:18:31.016174,1,"{0,0,1,0,0,0,0,0,0,0}","{e,s,i,a,o}"
183,69,categorias,0.3,2022-07-17,19:18:31.729344,2,"{0,0,1,0,0,0,0,0,0,1}","{c,a,e,o,i}"
184,69,votaciones,1.0,2022-07-17,19:18:32.434976,3,"{1,1,1,1,1,1,1,1,1,1}",{}
185,70,comenta,0.14,2022-07-17,19:18:41.309443,1,"{0,0,0,0,0,0,0}","{o,e}"
186,70,predijo,0.43,2022-07-17,19:18:42.07235,2,"{0,0,0,0,0,0,0}","{r,e,d,o}"
187,70,herodes,0.57,2022-07-17,19:18:42.809297,3,"{0,1,0,1,0,0,0}","{r,d,e}"
188,70,reborde,1.0,2022-07-17,19:18:43.56176,4,"{1,1,1,1,1,1,1}",{}
189,71,comed,0.2,2022-07-17,19:18:52.812365,1,"{0,1,0,0,0}",{}
190,71,bolas,0.2,2022-07-17,19:18:53.554684,2,"{0,1,0,0,0}",{s}
191,71,south,0.6,2022-07-17,19:18:54.249498,3,"{1,1,0,0,0}",{u}
192,71,soyuz,1.0,2022-07-17,19:18:54.954729,4,"{1,1,1,1,1}",{}
193,72,atribuyendola,0.31,2022-07-17,19:19:03.909926,1,"{0,0,0,0,0,0,0,0,0,0,0,0,0}","{a,t,r,i,u,e,n}"
194,72,numericamente,1.0,2022-07-17,19:19:04.629938,2,"{1,1,1,1,1,1,1,1,1,1,1,1,1}",{}
195,73,comed,0.2,2022-07-17,19:19:11.112858,1,"{0,0,0,0,0}","{c,e}"
196,73,secar,0.4,2022-07-17,19:19:11.872102,2,"{0,1,0,0,0}","{c,a}"
197,73,beach,0.8,2022-07-17,19:19:12.612272,3,"{0,1,1,1,1}",{}
198,73,leach,1.0,2022-07-17,19:19:13.395432,4,"{1,1,1,1,1}",{}
199,74,incomparables,0.38,2022-07-17,19:19:21.869447,1,"{0,0,0,0,0,0,0,0,0,0,0,0,1}","{i,n,c,o,m,a,r,e}"
200,74,martensiticos,1.0,2022-07-17,19:19:22.555241,2,"{1,1,1,1,1,1,1,1,1,1,1,1,1}",{}
201,75,estimula,0.5,2022-07-17,19:19:32.032644,1,"{0,0,1,0,0,0,0,0}","{s,i,u,a}"
202,75,situando,0.88,2022-07-17,19:19:32.81298,2,"{1,1,1,1,1,0,0,0}","{d,o}"
203,75,situados,1.0,2022-07-17,19:19:33.575191,3,"{1,1,1,1,1,1,1,1}",{}
204,76,aliento,0.14,2022-07-17,19:19:42.069976,1,"{0,0,1,0,0,0,0}","{a,n,o}"
205,76,guiaron,0.29,2022-07-17,19:19:42.812809,2,"{0,0,1,0,0,0,0}","{a,o,n}"
206,76,oficina,0.57,2022-07-17,19:19:43.492714,3,"{1,0,1,0,0,0,1}",{n}
207,76,okinawa,0.71,2022-07-17,19:19:44.169918,4,"{1,0,1,1,1,0,1}",{}
208,76,opinaba,1.0,2022-07-17,19:19:44.849788,5,"{1,1,1,1,1,1,1}",{}
209,77,estimulando,0.36,2022-07-17,19:20:00.274982,1,"{1,0,1,1,0,0,0,0,0,0,0}","{s,u,n}"
210,77,extinguirse,1.0,2022-07-17,19:20:00.995435,2,"{1,1,1,1,1,1,1,1,1,1,1}",{}
211,78,champ,0.0,2022-07-17,19:20:06.633382,1,"{0,0,0,0,0}",{}
212,78,brody,0.4,2022-07-17,19:20:07.313201,2,"{1,1,0,0,0}",{}
213,78,brest,1.0,2022-07-17,19:20:08.010431,3,"{1,1,1,1,1}",{}
214,79,caen,0.5,2022-07-17,19:20:14.833404,1,"{0,0,0,0}","{c,a}"
215,79,acto,0.25,2022-07-17,19:20:15.573225,2,"{0,0,0,0}","{a,c}"
216,79,luca,0.5,2022-07-17,19:20:16.320909,3,"{0,0,1,1}",{}
217,79,pica,1.0,2022-07-17,19:20:17.035784,4,"{1,1,1,1}",{}
218,80,consumible,0.1,2022-07-17,19:20:25.215847,1,"{0,0,0,0,0,0,0,0,0,0}","{o,s,e}"
219,80,exportados,0.5,2022-07-17,19:20:25.955928,2,"{0,0,0,0,0,0,1,1,1,1}",{e}
220,80,desdeñados,1.0,2022-07-17,19:20:26.693153,3,"{1,1,1,1,1,1,1,1,1,1}",{}
221,81,estimulando,0.27,2022-07-17,19:20:37.176243,1,"{0,0,0,0,0,0,0,0,0,0,0}","{s,i,a,n}"
222,81,significaba,1.0,2022-07-17,19:20:37.890397,2,"{1,1,1,1,1,1,1,1,1,1,1}",{}
223,82,profetica,0.33,2022-07-17,19:20:50.055845,1,"{0,0,0,0,0,0,1,1,0}","{o,a}"
224,82,balcanico,0.78,2022-07-17,19:20:50.790439,2,"{0,0,1,1,1,1,1,1,1}",{}
225,82,volcanico,1.0,2022-07-17,19:20:51.473275,3,"{1,1,1,1,1,1,1,1,1}",{}
226,83,comenta,0.43,2022-07-17,19:21:00.275621,1,"{0,0,0,0,0,1,1}",{e}
227,83,resulta,0.71,2022-07-17,19:21:01.037566,2,"{1,1,1,0,0,1,1}",{}
228,83,respeta,1.0,2022-07-17,19:21:01.753376,3,"{1,1,1,1,1,1,1}",{}
229,84,profetica,0.33,2022-07-17,19:21:10.053677,1,"{0,0,0,0,0,1,0,0,1}","{e,c}"
230,84,encantada,1.0,2022-07-17,19:21:10.814811,2,"{1,1,1,1,1,1,1,1,1}",{}
231,85,estimula,0.25,2022-07-17,19:21:18.817864,1,"{0,0,0,1,0,0,0,1}",{m}
232,85,dominaba,0.88,2022-07-17,19:21:19.653824,2,"{1,1,1,1,1,1,0,1}",{}
233,85,dominara,0.88,2022-07-17,19:21:20.396368,3,"{1,1,1,1,1,1,0,1}",{}
234,85,dominada,1.0,2022-07-17,19:21:21.053777,4,"{1,1,1,1,1,1,1,1}",{}
235,86,comenta,0.29,2022-07-17,19:21:30.730879,1,"{0,0,0,0,0,0,1}",{e}
236,86,peligra,0.43,2022-07-17,19:21:31.453322,2,"{0,1,1,0,0,0,1}",{}
237,86,belleza,0.57,2022-07-17,19:21:32.184545,3,"{0,1,1,1,0,0,1}",{}
238,86,sellada,1.0,2022-07-17,19:21:32.913716,4,"{1,1,1,1,1,1,1}",{}
239,87,consumible,0.4,2022-07-17,19:21:44.330948,1,"{0,0,0,0,0,0,0,0,0,0}","{c,o,n,s,e}"
240,87,encargados,0.2,2022-07-17,19:21:45.093986,2,"{0,0,0,0,0,0,0,0,0,0}","{e,n,c,d,o,s}"
241,87,desconocen,1.0,2022-07-17,19:21:45.798186,3,"{1,1,1,1,1,1,1,1,1,1}",{}
242,88,comenta,0.29,2022-07-17,19:21:53.158326,1,"{0,0,0,1,0,0,0}","{n,a}"
243,88,funeral,1.0,2022-07-17,19:21:53.893786,2,"{1,1,1,1,1,1,1}",{}
244,89,comed,0.2,2022-07-17,19:22:00.237879,1,"{0,0,0,0,0}",{d}
245,89,daily,0.4,2022-07-17,19:22:00.970928,2,"{1,0,0,0,0}","{a,i}"
246,89,digna,0.6,2022-07-17,19:22:01.676717,3,"{1,1,0,0,1}",{}
247,89,dista,1.0,2022-07-17,19:22:02.37992,4,"{1,1,1,1,1}",{}
248,90,comenta,0.29,2022-07-17,19:22:09.4561,1,"{0,0,0,0,0,0,0}","{m,e,n,a}"
249,90,germain,0.57,2022-07-17,19:22:10.218614,2,"{0,0,0,0,0,0,1}","{e,m,a,i}"
250,90,diezman,1.0,2022-07-17,19:22:10.894361,3,"{1,1,1,1,1,1,1}",{}
251,91,profetica,0.33,2022-07-17,19:22:16.656401,1,"{0,0,0,0,0,1,1,0,0}","{r,o,a}"
252,91,bagration,0.67,2022-07-17,19:22:17.37439,2,"{0,1,0,0,0,1,1,0,0}","{g,r,a,o,n}"
253,91,garantizo,1.0,2022-07-17,19:22:18.077888,3,"{1,1,1,1,1,1,1,1,1}",{}
254,92,estimula,0.25,2022-07-17,19:22:23.458548,1,"{0,0,0,1,0,0,0,0}","{e,s,l}"
255,92,belicoso,0.5,2022-07-17,19:22:24.214514,2,"{0,1,0,1,0,0,0,0}","{l,o,s}"
256,92,legiones,1.0,2022-07-17,19:22:24.954368,3,"{1,1,1,1,1,1,1,1}",{}
257,93,consumible,0.2,2022-07-17,19:22:37.136497,1,"{0,0,0,0,0,0,0,0,0,1}","{c,n,i,b}"
258,93,fabricante,1.0,2022-07-17,19:22:37.851391,2,"{1,1,1,1,1,1,1,1,1,1}",{}
259,94,profetica,0.11,2022-07-17,19:22:44.311926,1,"{0,0,0,0,1,0,0,0,0}","{r,o,t}"
260,94,resueltos,0.44,2022-07-17,19:22:45.034492,2,"{0,1,0,0,1,0,0,0,0}","{r,t,o}"
261,94,terremoto,1.0,2022-07-17,19:22:45.714245,3,"{1,1,1,1,1,1,1,1,1}",{}
262,95,acuiferos,0.11,2022-07-17,19:22:51.454292,1,"{0,0,0,0,0,1,0,0,0}","{a,u,o}"
263,95,bloqueado,1.0,2022-07-17,19:22:52.531511,2,"{1,1,1,1,1,1,1,1,1}",{}
264,96,comenta,0.57,2022-07-17,19:22:59.45456,1,"{0,0,0,0,0,0,0}","{m,e,n,a}"
265,96,germain,0.29,2022-07-17,19:23:00.25471,2,"{0,1,0,0,0,0,0}","{g,r,m,a,n}"
266,96,menguar,1.0,2022-07-17,19:23:00.934112,3,"{1,1,1,1,1,1,1}",{}
267,97,compran,0.14,2022-07-17,19:23:07.091847,1,"{0,0,0,0,0,0,0}","{o,r}"
268,97,bristol,1.0,2022-07-17,19:23:07.839639,2,"{1,1,1,1,1,1,1}",{}
269,98,comenta,0.43,2022-07-17,19:23:15.831957,1,"{0,0,0,0,0,0,0}","{m,n,a}"
270,98,mundial,1.0,2022-07-17,19:23:16.574681,2,"{1,1,1,1,1,1,1}",{}
271,99,universalizacion,0.31,2022-07-17,19:23:23.071977,1,"{0,0,0,0,0,0,0,0,1,1,0,0,0,0,1,0}","{u,i,v,s,a,c,i}"
272,99,automovilisticos,1.0,2022-07-17,19:23:23.798087,2,"{1,1,1,1,1,1,1,1,1,1,1,1,1,1,1,1}",{}
273,100,comed,0.4,2022-07-17,19:23:43.271989,1,"{0,0,0,1,0}",{m}
274,100,males,0.8,2022-07-17,19:23:43.991921,2,"{1,0,1,1,1}",{}
275,100,miles,1.0,2022-07-17,19:23:44.694918,3,"{1,1,1,1,1}",{}
276,101,eolias,0.33,2022-07-17,19:23:51.511757,1,"{0,0,0,0,0,0}","{e,o,a,s}"
277,101,saqueo,1.0,2022-07-17,19:23:52.241066,2,"{1,1,1,1,1,1}",{}
278,102,aliento,0.43,2022-07-17,19:23:59.174782,1,"{0,0,0,1,1,0,1}",{}
279,102,oquendo,1.0,2022-07-17,19:23:59.937363,2,"{1,1,1,1,1,1,1}",{}
280,103,consumible,0.1,2022-07-17,19:24:08.575381,1,"{0,0,0,0,0,0,0,0,0,0}","{c,o,s,m,e}"
281,103,democratas,0.5,2022-07-17,19:24:09.352464,2,"{1,1,0,0,0,0,1,0,0,1}","{m,o,c,t,a}"
282,103,destacamos,1.0,2022-07-17,19:24:10.156339,3,"{1,1,1,1,1,1,1,1,1,1}",{}
283,104,aceros,0.5,2022-07-17,19:24:18.175326,1,"{0,0,0,0,1,1}","{a,e}"
284,104,beatos,1.0,2022-07-17,19:24:18.975287,2,"{1,1,1,1,1,1}",{}
285,105,comenta,0.14,2022-07-17,19:24:25.019176,1,"{0,0,0,0,0,0,0}","{c,o,e,a}"
286,105,escobar,0.14,2022-07-17,19:24:25.755473,2,"{0,0,0,1,0,0,0}","{e,c,b,a}"
287,105,alboche,1.0,2022-07-17,19:24:26.455275,3,"{1,1,1,1,1,1,1}",{}
288,106,estimula,0.25,2022-07-17,19:24:33.655474,1,"{1,0,0,0,1,0,0,0}","{i,a}"
289,106,encamino,1.0,2022-07-17,19:24:34.435532,2,"{1,1,1,1,1,1,1,1}",{}
290,107,estipulado,0.3,2022-07-17,19:24:40.235444,1,"{0,0,0,0,0,0,0,0,0,0}","{t,i,l,a,o}"
291,107,monolitica,0.4,2022-07-17,19:24:40.955312,2,"{0,0,0,1,0,0,1,1,0,1}",{l}
292,107,valorativa,1.0,2022-07-17,19:24:41.658502,3,"{1,1,1,1,1,1,1,1,1,1}",{}
293,108,profetica,0.33,2022-07-17,19:24:49.655359,1,"{0,0,0,0,0,0,1,0,0}","{p,r,o,e,c}"
294,108,escorpion,0.56,2022-07-17,19:24:50.398512,2,"{0,0,1,0,0,0,1,1,1}","{e,r,p}"
295,108,recepcion,1.0,2022-07-17,19:24:51.135678,3,"{1,1,1,1,1,1,1,1,1}",{}
296,109,estimula,0.38,2022-07-17,19:24:57.096507,1,"{1,0,0,0,0,0,0,0}","{s,u,a}"
297,109,educados,0.88,2022-07-17,19:24:57.79535,2,"{1,1,1,1,1,1,0,1}",{}
298,109,educadas,1.0,2022-07-17,19:24:58.475283,3,"{1,1,1,1,1,1,1,1}",{}
299,110,estimula,0.12,2022-07-17,19:25:04.276222,1,"{0,0,0,1,0,0,0,0}",{a}
300,110,africano,0.62,2022-07-17,19:25:04.981643,2,"{0,0,0,1,0,0,0,1}","{a,f,c}"
301,110,pacifico,1.0,2022-07-17,19:25:05.679233,3,"{1,1,1,1,1,1,1,1}",{}
302,111,consumible,0.2,2022-07-17,19:25:12.132965,1,"{0,0,0,0,0,0,0,0,0,0}","{n,s,i,e}"
303,111,inexpertas,0.5,2022-07-17,19:25:12.859931,2,"{1,1,0,0,0,0,0,0,1,1}","{e,r,t}"
304,111,integradas,1.0,2022-07-17,19:25:13.612976,3,"{1,1,1,1,1,1,1,1,1,1}",{}
305,112,comenta,0.14,2022-07-17,19:25:19.540656,1,"{0,0,0,0,0,0,0}","{e,a}"
306,112,pahlevi,0.43,2022-07-17,19:25:20.340041,2,"{0,0,0,0,0,0,0}","{a,l,e,i}"
307,112,fiables,1.0,2022-07-17,19:25:21.019318,3,"{1,1,1,1,1,1,1}",{}
308,113,estimula,0.12,2022-07-17,19:25:27.358856,1,"{0,0,0,0,0,0,0,0}","{e,i}"
309,113,procedio,0.25,2022-07-17,19:25:28.138653,2,"{0,0,0,0,0,0,0,0}","{o,c,e,i}"
310,113,conexion,0.62,2022-07-17,19:25:28.916042,3,"{1,1,1,0,0,0,0,0}","{e,i,n}"
311,113,conviene,1.0,2022-07-17,19:25:29.615893,4,"{1,1,1,1,1,1,1,1}",{}
312,114,equipamientos,0.31,2022-07-17,19:25:38.233055,1,"{0,0,0,0,0,0,0,0,1,0,0,1,1}","{e,u,p,a,m,t}"
313,114,autoempleados,1.0,2022-07-17,19:25:39.519905,2,"{1,1,1,1,1,1,1,1,1,1,1,1,1}",{}
314,115,comenta,0.29,2022-07-17,19:25:45.216267,1,"{0,0,0,1,0,0,1}",{n}
315,115,inversa,0.71,2022-07-17,19:25:45.975277,2,"{0,0,0,1,0,0,1}","{i,n,r}"
316,115,ginebra,1.0,2022-07-17,19:25:46.675814,3,"{1,1,1,1,1,1,1}",{}
317,116,procedan,0.25,2022-07-17,19:25:53.338545,1,"{0,0,0,0,1,0,1,0}",{n}
318,116,inglesas,0.5,2022-07-17,19:25:54.036158,2,"{0,0,0,1,1,0,1,1}",{n}
319,116,ballenas,1.0,2022-07-17,19:25:54.735969,3,"{1,1,1,1,1,1,1,1}",{}
320,117,comenta,0.29,2022-07-17,19:26:02.315761,1,"{0,0,0,0,0,0,0}","{o,e,a}"
321,117,albores,0.43,2022-07-17,19:26:03.036267,2,"{0,0,0,1,0,0,1}","{a,l,e}"
322,117,eglogas,0.57,2022-07-17,19:26:03.737679,3,"{0,0,0,1,0,1,1}","{e,l}"
323,117,leñosas,1.0,2022-07-17,19:26:04.433548,4,"{1,1,1,1,1,1,1}",{}
324,118,republicanos,0.25,2022-07-17,19:26:55.233529,1,"{0,0,1,0,0,0,0,0,0,0,0,1}","{l,i,c,a}"
325,118,capitalistas,1.0,2022-07-17,19:26:55.966479,2,"{1,1,1,1,1,1,1,1,1,1,1,1}",{}
326,119,estipulado,0.2,2022-07-17,19:27:19.459655,1,"{0,0,0,1,0,1,0,0,0,0}","{e,s,t,l,a}"
327,119,habituales,1.0,2022-07-17,19:27:20.239979,2,"{1,1,1,1,1,1,1,1,1,1}",{}
328,120,comed,0.4,2022-07-17,19:27:42.659396,1,"{0,1,0,0,0}",{e}
329,120,noble,0.4,2022-07-17,19:27:43.380358,2,"{0,1,0,0,0}","{l,e}"
330,120,loehr,1.0,2022-07-17,19:27:44.11972,3,"{1,1,1,1,1}",{}
331,121,aliento,0.57,2022-07-17,19:27:50.661152,1,"{1,0,1,0,0,0,1}",{n}
332,121,adivino,0.57,2022-07-17,19:27:51.374029,2,"{1,0,1,0,0,0,1}","{d,n}"
333,121,afinado,1.0,2022-07-17,19:27:52.214632,3,"{1,1,1,1,1,1,1}",{}
334,122,estimula,0.12,2022-07-17,19:28:00.274008,1,"{0,0,0,0,0,0,0,0}",{i}
335,122,prodigio,0.5,2022-07-17,19:28:00.976989,2,"{0,0,0,0,1,0,1,1}",{o}
336,122,concibio,0.75,2022-07-17,19:28:01.677071,3,"{1,1,1,0,1,0,1,1}",{}
337,122,convivio,1.0,2022-07-17,19:28:02.373984,4,"{1,1,1,1,1,1,1,1}",{}
338,123,aliento,0.14,2022-07-17,19:28:08.402036,1,"{0,0,0,1,0,0,0}","{a,i}"
339,123,sucedia,0.43,2022-07-17,19:28:09.174431,2,"{0,0,0,1,0,1,1}",{d}
340,123,deberia,1.0,2022-07-17,19:28:10.17768,3,"{1,1,1,1,1,1,1}",{}
341,124,impermeabilizacion,0.67,2022-07-17,19:28:20.401208,1,"{0,0,0,0,0,0,0,0,0,0,1,1,1,1,1,1,1,1}","{i,p,e,r,a}"
342,124,profesionalizacion,1.0,2022-07-17,19:28:21.07761,2,"{1,1,1,1,1,1,1,1,1,1,1,1,1,1,1,1,1,1}",{}
343,125,procedan,0.38,2022-07-17,19:28:26.814517,1,"{0,0,0,0,0,0,0,0}","{r,o,c,e}"
344,125,metricos,0.5,2022-07-17,19:28:27.517534,2,"{0,0,0,0,0,0,0,0}","{e,r,i,c,o}"
345,125,rickover,1.0,2022-07-17,19:28:28.217457,3,"{1,1,1,1,1,1,1,1}",{}
346,126,comenta,0.43,2022-07-17,19:28:34.674601,1,"{0,0,0,0,1,0,1}","{m,t}"
347,126,matanza,1.0,2022-07-17,19:28:35.401099,2,"{1,1,1,1,1,1,1}",{}
348,127,caen,0.25,2022-07-17,19:28:42.814542,1,"{0,1,0,0}",{}
349,127,paik,0.5,2022-07-17,19:28:43.514827,2,"{0,1,0,0}",{i}
350,127,bali,0.75,2022-07-17,19:28:44.194515,3,"{0,1,1,1}",{}
351,127,dali,0.75,2022-07-17,19:28:44.902054,4,"{0,1,1,1}",{}
352,127,mali,1.0,2022-07-17,19:28:45.577414,5,"{1,1,1,1}",{}
353,128,compran,0.29,2022-07-17,19:28:58.434633,1,"{0,0,0,0,0,0,0}","{c,o,r,a,n}"
354,128,francos,0.43,2022-07-17,19:28:59.214517,2,"{0,0,0,1,0,0,0}","{r,a,c,o}"
355,128,warnock,1.0,2022-07-17,19:29:00.117714,3,"{1,1,1,1,1,1,1}",{}
356,129,estipulado,0.3,2022-07-17,19:29:06.518102,1,"{0,0,0,0,0,0,0,0,0,1}","{e,t,i,p}"
357,129,pertenecio,0.6,2022-07-17,19:29:07.215089,2,"{0,1,0,0,0,0,0,0,1,1}","{p,r,t,e}"
358,129,repertorio,1.0,2022-07-17,19:29:07.920803,3,"{1,1,1,1,1,1,1,1,1,1}",{}
359,130,cortan,0.5,2022-07-17,19:29:14.198298,1,"{0,0,0,0,0,0}","{o,r,t}"
360,130,jethro,0.33,2022-07-17,19:29:14.955067,2,"{0,1,0,0,1,0}","{t,o}"
361,130,report,1.0,2022-07-17,19:29:15.655011,3,"{1,1,1,1,1,1}",{}
362,131,estimula,0.38,2022-07-17,19:29:22.218129,1,"{0,0,0,0,0,0,0,0}","{t,i,m,a}"
363,131,adimanto,1.0,2022-07-17,19:29:22.92293,2,"{1,1,1,1,1,1,1,1}",{}
364,132,comenta,0.29,2022-07-17,19:29:29.258838,1,"{0,0,0,0,0,0,0}","{e,a}"
365,132,pahlevi,0.29,2022-07-17,19:29:30.043139,2,"{0,0,0,1,0,0,0}","{a,h,e}"
366,132,huelgas,1.0,2022-07-17,19:29:30.73508,3,"{1,1,1,1,1,1,1}",{}
367,133,aceros,0.67,2022-07-17,19:29:38.141483,1,"{0,0,1,1,1,1}",{}
368,133,iberos,0.83,2022-07-17,19:29:38.818013,2,"{0,0,1,1,1,1}",{i}
369,133,hieros,1.0,2022-07-17,19:29:39.53806,3,"{1,1,1,1,1,1}",{}
370,134,aliento,0.57,2022-07-17,19:29:45.378071,1,"{1,0,1,0,0,0,0}","{e,n}"
371,134,avicena,1.0,2022-07-17,19:29:46.055037,2,"{1,1,1,1,1,1,1}",{}
372,135,comenta,0.43,2022-07-17,19:29:52.695381,1,"{0,1,1,0,1,0,0}",{}
373,135,domingo,1.0,2022-07-17,19:29:53.420043,2,"{1,1,1,1,1,1,1}",{}
374,136,cortan,0.33,2022-07-17,19:30:00.338819,1,"{1,0,1,0,0,0}","{o,a}"
375,136,cargos,1.0,2022-07-17,19:30:01.078195,2,"{1,1,1,1,1,1}",{}
376,137,comed,0.4,2022-07-17,19:30:06.403074,1,"{1,0,0,0,0}",{e}
377,137,cenar,0.6,2022-07-17,19:30:07.2384,2,"{1,0,0,0,0}","{e,n,a,r}"
378,137,carne,1.0,2022-07-17,19:30:08.038279,3,"{1,1,1,1,1}",{}
379,138,estipulado,0.2,2022-07-17,19:30:14.861885,1,"{0,0,0,0,0,0,0,0,0,0}","{s,t,i,p,u,a,o}"
380,138,portuarias,1.0,2022-07-17,19:30:15.580025,2,"{1,1,1,1,1,1,1,1,1,1}",{}
381,139,estimulando,0.36,2022-07-17,19:30:22.203706,1,"{1,0,0,0,0,0,0,0,0,0,1}","{t,i,a,n}"
382,139,etnografico,1.0,2022-07-17,19:30:22.901332,2,"{1,1,1,1,1,1,1,1,1,1,1}",{}
383,140,acuño,0.4,2022-07-17,19:30:28.73557,1,"{0,0,0,0,1}",{a}
384,140,maelo,0.4,2022-07-17,19:30:29.518559,2,"{0,1,0,0,1}",{}
385,140,daigo,0.4,2022-07-17,19:30:30.238863,3,"{0,1,0,0,1}",{}
386,140,yahoo,1.0,2022-07-17,19:30:30.978843,4,"{1,1,1,1,1}",{}
387,141,comenta,0.29,2022-07-17,19:30:38.300926,1,"{0,0,0,0,0,0,0}","{e,n,t}"
388,141,tribune,0.29,2022-07-17,19:30:39.040962,2,"{0,0,0,0,0,0,0}","{t,r,i,n,e}"
389,141,inertes,0.71,2022-07-17,19:30:39.815553,3,"{0,0,1,1,1,1,0}","{i,n}"
390,141,vierten,1.0,2022-07-17,19:30:40.618665,4,"{1,1,1,1,1,1,1}",{}
391,142,republicanos,0.33,2022-07-17,19:30:48.818841,1,"{0,0,0,0,0,0,0,1,0,0,0,0}","{e,i,n,o}"
392,142,mnemotecnico,1.0,2022-07-17,19:30:49.615561,2,"{1,1,1,1,1,1,1,1,1,1,1,1}",{}
393,143,cortan,0.17,2022-07-17,19:30:58.338613,1,"{0,0,1,0,0,0}",{a}
394,143,harvey,0.5,2022-07-17,19:30:59.135568,2,"{0,1,1,0,1,0}",{}
395,143,bardem,0.67,2022-07-17,19:30:59.918884,3,"{1,1,1,0,1,0}",{}
396,143,barber,0.83,2022-07-17,19:31:00.735355,4,"{1,1,1,0,1,1}",{}
397,143,barrer,1.0,2022-07-17,19:31:01.461484,5,"{1,1,1,1,1,1}",{}
452,164,comed,0.2,2022-07-17,19:42:12.237646,1,"{0,0,0,1,0}",{}
398,144,procedan,0.38,2022-07-17,19:31:10.856222,1,"{1,0,0,0,0,0,0,0}","{o,e}"
399,144,posibles,1.0,2022-07-17,19:31:11.596079,2,"{1,1,1,1,1,1,1,1}",{}
400,145,cortan,0.33,2022-07-17,19:31:16.779081,1,"{0,0,1,0,1,0}",{}
401,145,derham,0.5,2022-07-17,19:31:17.499117,2,"{0,1,1,0,1,0}",{}
402,145,jersak,0.67,2022-07-17,19:31:18.219128,3,"{0,1,1,1,1,0}",{}
403,145,persas,1.0,2022-07-17,19:31:19.019039,4,"{1,1,1,1,1,1}",{}
404,146,shad,0.5,2022-07-17,19:31:28.141417,1,"{1,0,1,0}",{}
405,146,stan,0.75,2022-07-17,19:31:28.919226,2,"{1,1,1,0}",{}
406,146,star,1.0,2022-07-17,19:31:29.623824,3,"{1,1,1,1}",{}
407,147,caen,0.25,2022-07-17,19:31:36.079043,1,"{0,0,0,0}",{a}
408,147,amor,0.25,2022-07-17,19:31:36.759012,2,"{0,0,0,0}","{a,o,r}"
409,147,road,0.75,2022-07-17,19:31:37.439312,3,"{1,1,0,0}",{a}
410,147,roja,1.0,2022-07-17,19:31:38.219168,4,"{1,1,1,1}",{}
411,148,procedan,0.25,2022-07-17,19:31:47.499272,1,"{0,0,0,0,0,0,0,0}","{e,d,n}"
412,148,benedikt,0.38,2022-07-17,19:31:48.296087,2,"{0,1,0,1,0,0,0,0}","{n,d,t}"
413,148,dementes,1.0,2022-07-17,19:31:49.023332,3,"{1,1,1,1,1,1,1,1}",{}
414,149,estimula,0.12,2022-07-17,19:31:58.338788,1,"{0,0,0,0,0,0,0,0}","{s,t,a}"
415,149,atacados,0.88,2022-07-17,19:31:59.062235,2,"{1,1,1,0,0,0,0,0}","{c,a,d,o,s}"
416,149,atascado,1.0,2022-07-17,19:31:59.841841,3,"{1,1,1,1,1,1,1,1}",{}
417,150,caen,0.5,2022-07-17,19:32:06.076619,1,"{0,1,0,0}",{e}
418,150,bake,0.5,2022-07-17,19:32:06.756524,2,"{0,1,0,1}",{}
419,150,safe,0.5,2022-07-17,19:32:07.439476,3,"{0,1,0,1}",{}
420,150,made,0.5,2022-07-17,19:32:08.119893,4,"{0,1,0,1}",{}
421,150,tale,0.75,2022-07-17,19:32:08.799752,5,"{1,1,0,1}",{}
422,152,equilibrado,0.27,2022-07-17,19:40:31.853214,1,"{0,0,0,0,0,0,0,0,0,0,0}","{e,r,a,o}"
423,152,heterogenea,1.0,2022-07-17,19:40:32.588695,2,"{1,1,1,1,1,1,1,1,1,1,1}",{}
424,153,estipulado,0.3,2022-07-17,19:40:38.691666,1,"{0,0,0,0,0,0,0,0,0,0}","{t,i,u,a,d,o}"
425,153,foundation,1.0,2022-07-17,19:40:39.448803,2,"{1,1,1,1,1,1,1,1,1,1}",{}
426,154,republicanos,0.5,2022-07-17,19:40:45.372092,1,"{0,0,0,0,0,0,0,0,0,0,0,0}","{r,e,i,c,a,o,s}"
427,154,frecciarossa,1.0,2022-07-17,19:40:46.071955,2,"{1,1,1,1,1,1,1,1,1,1,1,1}",{}
428,155,aliento,0.29,2022-07-17,19:40:52.088872,1,"{0,0,0,0,0,0,1}","{a,i,e}"
429,155,espacio,0.57,2022-07-17,19:40:52.808858,2,"{0,0,0,1,0,1,1}",{e}
430,155,regadio,1.0,2022-07-17,19:40:53.531539,3,"{1,1,1,1,1,1,1}",{}
431,156,aliento,0.29,2022-07-17,19:40:59.048895,1,"{0,0,0,1,0,0,0}","{a,i}"
432,156,sucedia,0.57,2022-07-17,19:40:59.833963,2,"{0,0,0,1,1,1,1}",{}
433,156,impedia,1.0,2022-07-17,19:41:00.574852,3,"{1,1,1,1,1,1,1}",{}
434,157,aceros,0.5,2022-07-17,19:41:05.794752,1,"{0,0,0,0,0,1}","{e,o}"
435,157,toques,0.5,2022-07-17,19:41:06.529216,2,"{0,0,0,0,1,1}","{t,o}"
436,157,ejotes,1.0,2022-07-17,19:41:07.228802,3,"{1,1,1,1,1,1}",{}
437,158,procedan,0.38,2022-07-17,19:41:13.448791,1,"{1,0,0,0,0,0,0,0}","{o,e}"
438,158,posibles,1.0,2022-07-17,19:41:14.131496,2,"{1,1,1,1,1,1,1,1}",{}
439,159,equilibrado,0.36,2022-07-17,19:41:20.971616,1,"{1,0,0,0,0,0,0,0,0,0,0}","{u,i,o}"
440,159,ejecuciones,1.0,2022-07-17,19:41:21.67413,2,"{1,1,1,1,1,1,1,1,1,1,1}",{}
441,160,consumible,0.3,2022-07-17,19:41:31.092107,1,"{0,0,0,0,0,0,0,0,0,0}","{c,o,n,i,e}"
442,160,predicando,0.4,2022-07-17,19:41:31.855652,2,"{1,0,0,0,0,1,0,0,0,0}","{r,e,i,n,o}"
443,160,perfeccion,1.0,2022-07-17,19:41:32.573322,3,"{1,1,1,1,1,1,1,1,1,1}",{}
444,161,consumible,0.1,2022-07-17,19:41:37.875766,1,"{0,0,0,0,0,0,0,0,0,0}","{n,e}"
445,161,enfrentada,0.4,2022-07-17,19:41:38.63324,2,"{0,0,0,0,0,0,0,0,0,0}","{e,n,r,e,n,a,d}"
446,161,dependeran,1.0,2022-07-17,19:41:39.453072,3,"{1,1,1,1,1,1,1,1,1,1}",{}
447,162,procedan,0.38,2022-07-17,19:41:45.653101,1,"{0,0,0,0,0,0,1,1}",{e}
448,162,tiemblan,0.5,2022-07-17,19:41:46.335809,2,"{0,0,0,0,0,0,1,1}","{t,i,e}"
449,162,intentan,1.0,2022-07-17,19:41:47.030244,3,"{1,1,1,1,1,1,1,1}",{}
450,163,consumible,0.3,2022-07-17,19:42:00.173296,1,"{0,0,0,0,0,0,0,0,0,0}","{n,s,u,b}"
451,163,vasubandhu,1.0,2022-07-17,19:42:00.83604,2,"{1,1,1,1,1,1,1,1,1,1}",{}
453,164,niger,0.4,2022-07-17,19:42:12.973085,2,"{0,0,0,1,0}",{r}
454,164,rabel,0.2,2022-07-17,19:42:13.673671,3,"{0,0,0,1,0}",{r}
455,164,perez,0.6,2022-07-17,19:42:14.383549,4,"{0,1,1,1,0}",{}
456,164,serej,0.8,2022-07-17,19:42:15.080513,5,"{1,1,1,1,0}",{}
457,165,aceros,0.5,2022-07-17,19:44:42.537971,1,"{0,0,0,0,0,0}","{a,e,r}"
458,165,regian,0.17,2022-07-17,19:44:43.222023,2,"{0,0,0,0,0,0}","{r,e,a}"
459,165,parque,0.33,2022-07-17,19:44:43.920484,3,"{0,1,0,0,0,0}","{r,e}"
460,165,madera,1.0,2022-07-17,19:44:44.614941,4,"{1,1,1,1,1,1}",{}
461,166,consumible,0.3,2022-07-17,19:44:51.537921,1,"{0,0,0,0,0,0,0,0,0,0}","{o,n,s,m,i}"
462,166,marginados,0.5,2022-07-17,19:44:52.260887,2,"{0,0,0,0,0,0,0,0,1,1}","{m,a,r,g,i,n}"
463,166,organismos,1.0,2022-07-17,19:44:52.91699,3,"{1,1,1,1,1,1,1,1,1,1}",{}
464,167,consumible,0.2,2022-07-17,19:44:58.342649,1,"{1,0,0,1,0,0,0,0,0,0}","{n,i}"
465,167,cristianas,1.0,2022-07-17,19:44:59.201797,2,"{1,1,1,1,1,1,1,1,1,1}",{}
466,168,caen,0.25,2022-07-17,19:45:06.458204,1,"{0,0,0,0}","{c,e,n}"
467,168,enoc,0.5,2022-07-17,19:45:07.179443,2,"{0,1,0,0}","{e,o,c}"
468,168,once,1.0,2022-07-17,19:45:07.855023,3,"{1,1,1,1}",{}
469,169,republicanismo,0.29,2022-07-17,19:45:13.762288,1,"{0,0,0,0,0,0,1,0,0,0,0,0,0,0}","{e,l,n,i,s,o}"
470,169,infligiendoles,1.0,2022-07-17,19:45:14.417931,2,"{1,1,1,1,1,1,1,1,1,1,1,1,1,1}",{}
471,170,profetica,0.11,2022-07-17,19:45:20.397879,1,"{0,0,0,0,0,0,1,0,0}","{o,c,a}"
472,170,masculino,0.44,2022-07-17,19:45:21.118185,2,"{0,1,0,0,0,0,1,0,0}","{s,c,l,n,o}"
473,170,salvacion,1.0,2022-07-17,19:45:21.774887,3,"{1,1,1,1,1,1,1,1,1}",{}
474,171,trybunalski,0.27,2022-07-17,19:45:27.695108,1,"{0,0,0,0,0,0,0,0,1,1,0}","{r,y}"
475,171,rokossovsky,1.0,2022-07-17,19:45:28.455021,2,"{1,1,1,1,1,1,1,1,1,1,1}",{}
476,172,profetica,0.11,2022-07-17,19:45:33.96114,1,"{0,0,0,0,0,0,0,0,0}","{r,e,a}"
477,172,alberguen,0.33,2022-07-17,19:45:34.616432,2,"{0,0,0,0,0,0,0,0,0}","{a,e,r,g,n}"
478,172,ganaderas,1.0,2022-07-17,19:45:35.256433,3,"{1,1,1,1,1,1,1,1,1}",{}
479,173,champ,0.2,2022-07-17,19:45:40.996562,1,"{0,0,0,0,0}",{a}
480,173,dylan,0.4,2022-07-17,19:45:41.903958,2,"{0,0,0,0,0}","{y,a,n}"
481,173,fanny,1.0,2022-07-17,19:45:42.562429,3,"{1,1,1,1,1}",{}
482,174,acuiferos,0.22,2022-07-17,19:45:47.796622,1,"{0,0,0,0,0,0,0,0,0}","{c,i,e,o}"
483,174,genocidio,0.56,2022-07-17,19:45:48.529817,2,"{0,1,0,0,0,0,0,0,1}","{n,o,c,i,i}"
484,174,neolitico,1.0,2022-07-17,19:45:49.30198,3,"{1,1,1,1,1,1,1,1,1}",{}
485,175,comed,0.0,2022-07-17,19:46:01.37935,1,"{0,0,0,0,0}",{}
486,175,fijar,0.2,2022-07-17,19:46:02.07642,2,"{0,0,0,0,0}",{a}
487,175,gubla,0.6,2022-07-17,19:46:02.736521,3,"{1,1,0,0,1}",{}
488,175,gupta,0.8,2022-07-17,19:46:03.423203,4,"{1,1,0,1,1}",{}
489,175,gusta,1.0,2022-07-17,19:46:04.116488,5,"{1,1,1,1,1}",{}
490,176,comenta,0.29,2022-07-17,19:46:11.502961,1,"{0,0,0,0,0,0,1}","{c,m,e}"
491,176,reclama,1.0,2022-07-17,19:46:12.163248,2,"{1,1,1,1,1,1,1}",{}
492,177,consumible,0.3,2022-07-17,19:47:31.583572,1,"{0,0,0,0,0,0,0,0,0,0}","{c,o,n,i}"
493,177,dictionary,0.5,2022-07-17,19:47:32.280833,2,"{0,0,0,0,0,0,0,0,0,0}","{i,c,i,o,n,a,r}"
494,177,infraccion,1.0,2022-07-17,19:47:32.926617,3,"{1,1,1,1,1,1,1,1,1,1}",{}
495,178,estimula,0.12,2022-07-17,19:47:38.539402,1,"{0,0,0,0,0,0,0,0}","{e,a}"
496,178,rebajado,0.25,2022-07-17,19:47:39.326315,2,"{0,0,0,0,0,0,0,0}","{r,e,a,o}"
497,178,cooperan,0.12,2022-07-17,19:47:40.065927,3,"{0,0,0,0,0,0,0,0}","{c,o,e,r,a}"
498,178,favorece,1.0,2022-07-17,19:47:40.746881,4,"{1,1,1,1,1,1,1,1}",{}
499,179,aliento,0.43,2022-07-17,19:47:47.646771,1,"{1,0,0,0,0,0,0}","{i,n,t}"
500,179,antigua,0.86,2022-07-17,19:47:48.402432,2,"{1,1,1,1,0,1,1}",{}
501,179,antiqua,1.0,2022-07-17,19:47:49.104491,3,"{1,1,1,1,1,1,1}",{}
502,180,estimulando,0.36,2022-07-17,19:47:55.919582,1,"{1,0,0,0,0,0,0,0,0,0,0}","{s,i,m,a,o}"
503,180,empresarios,1.0,2022-07-17,19:47:56.606035,2,"{1,1,1,1,1,1,1,1,1,1,1}",{}
504,181,aceros,0.5,2022-07-17,19:48:04.442373,1,"{0,0,1,0,1,1}",{c}
505,181,ciegos,0.5,2022-07-17,19:48:05.139464,2,"{0,0,1,0,1,1}",{c}
506,181,huecos,1.0,2022-07-17,19:48:05.822334,3,"{1,1,1,1,1,1}",{}
507,182,consumible,0.2,2022-07-17,19:48:15.919373,1,"{0,0,0,0,0,0,0,0,0,0}","{c,o,n,s,i}"
508,182,provincias,1.0,2022-07-17,19:48:16.644941,2,"{1,1,1,1,1,1,1,1,1,1}",{}
509,183,consumible,0.1,2022-07-17,19:48:34.986794,1,"{0,0,0,1,0,0,0,0,0,0}","{n,i,e}"
510,183,asistentes,0.8,2022-07-17,19:48:35.640977,2,"{0,0,1,1,1,1,1,1,1,1}",{}
511,183,existentes,1.0,2022-07-17,19:48:36.288455,3,"{1,1,1,1,1,1,1,1,1,1}",{}
512,184,aliento,0.29,2022-07-17,19:48:52.320921,1,"{0,0,0,0,0,0,1}","{a,l,e}"
513,184,emulado,0.29,2022-07-17,19:48:52.986649,2,"{0,0,0,0,0,0,1}","{e,l,a}"
514,184,gasoleo,1.0,2022-07-17,19:48:53.627867,3,"{1,1,1,1,1,1,1}",{}
515,185,profetica,0.44,2022-07-17,19:49:11.343799,1,"{1,0,0,0,0,0,0,0,0}","{r,o,e,c,a}"
516,185,pecadores,1.0,2022-07-17,19:49:12.020975,2,"{1,1,1,1,1,1,1,1,1}",{}
517,186,procedan,0.12,2022-07-17,19:49:28.100942,1,"{0,0,0,0,0,0,0,0}","{o,e,n}"
518,186,lingotes,0.62,2022-07-17,19:49:28.800957,2,"{0,0,0,0,0,0,0,1}","{i,n,o,t,e}"
519,186,intensos,1.0,2022-07-17,19:49:29.448548,3,"{1,1,1,1,1,1,1,1}",{}
520,187,comenta,0.14,2022-07-17,19:49:36.248361,1,"{0,0,0,0,0,0,0}","{o,t}"
521,187,putrido,0.29,2022-07-17,19:49:36.942487,2,"{0,0,1,0,0,0,0}","{i,o}"
522,187,litogot,1.0,2022-07-17,19:49:37.602617,3,"{1,1,1,1,1,1,1}",{}
523,188,procedan,0.25,2022-07-17,19:50:25.77531,1,"{0,0,0,0,1,0,0,1}",{p}
524,188,zeppelin,1.0,2022-07-17,19:50:26.538451,2,"{1,1,1,1,1,1,1,1}",{}
525,189,estimulando,0.45,2022-07-17,19:50:33.965997,1,"{0,0,0,0,0,0,0,0,0,1,0}","{e,s,t,i,a,n}"
526,189,sintetizada,1.0,2022-07-17,19:50:34.655644,2,"{1,1,1,1,1,1,1,1,1,1,1}",{}
527,190,procedan,0.25,2022-07-17,19:50:45.715753,1,"{0,0,0,0,0,0,0,0}","{p,r,o,e,d,n}"
528,190,disponer,1.0,2022-07-17,19:50:46.432423,2,"{1,1,1,1,1,1,1,1}",{}
529,191,completan,0.22,2022-07-17,19:50:53.778604,1,"{0,0,0,0,0,1,0,0,0}","{c,a,n}"
530,191,franceses,0.78,2022-07-17,19:50:54.484155,2,"{1,1,1,1,1,1,1,0,0}",{}
531,191,francesca,1.0,2022-07-17,19:50:55.181781,3,"{1,1,1,1,1,1,1,1,1}",{}
532,192,estipulado,0.5,2022-07-17,19:51:09.039001,1,"{0,0,0,0,0,0,0,0,0,0}","{e,s,i,a,d,o}"
533,192,agremiados,0.6,2022-07-17,19:51:10.033039,2,"{0,0,0,0,0,0,1,1,1,1}","{e,i}"
534,192,deificados,1.0,2022-07-17,19:51:11.056038,3,"{1,1,1,1,1,1,1,1,1,1}",{}
535,193,comenta,0.29,2022-07-17,19:51:54.876642,1,"{0,0,1,0,0,0,0}","{t,a}"
536,193,admitir,0.29,2022-07-17,19:51:55.632993,2,"{0,0,1,0,0,0,0}","{a,i,t}"
537,193,tamalli,1.0,2022-07-17,19:51:56.336473,3,"{1,1,1,1,1,1,1}",{}
538,194,consumible,0.1,2022-07-17,19:53:10.437648,1,"{0,0,0,0,0,0,0,0,1,0}","{o,n,e}"
539,194,entenderlo,1.0,2022-07-17,19:53:11.119679,2,"{1,1,1,1,1,1,1,1,1,1}",{}
540,195,aceros,0.17,2022-07-17,19:53:18.23424,1,"{0,0,0,0,0,0}","{a,e,o}"
541,195,debajo,0.5,2022-07-17,19:53:19.077239,2,"{0,0,0,0,0,0}","{d,e,b,a,o}"
542,195,bodega,1.0,2022-07-17,19:53:19.937477,3,"{1,1,1,1,1,1}",{}
543,196,contemplativos,0.29,2022-07-17,19:54:15.781658,1,"{0,0,0,0,0,0,0,0,0,0,1,0,0,0}","{c,o,n,m,a,o,s}"
544,196,disconformidad,1.0,2022-07-17,19:54:16.554693,2,"{1,1,1,1,1,1,1,1,1,1,1,1,1,1}",{}
545,197,consumible,0.7,2022-07-17,19:54:22.620441,1,"{1,1,1,0,0,0,1,1,1,1}",{}
546,197,concebible,1.0,2022-07-17,19:54:23.297931,2,"{1,1,1,1,1,1,1,1,1,1}",{}
547,198,estipulado,0.4,2022-07-17,19:54:33.197966,1,"{0,0,1,0,0,0,0,1,1,0}","{l,o}"
548,198,catalogada,1.0,2022-07-17,19:54:33.89807,2,"{1,1,1,1,1,1,1,1,1,1}",{}
549,199,republicanos,0.25,2022-07-17,19:54:48.25476,1,"{0,0,0,0,0,0,0,0,0,0,0,0}","{e,u,a,n,o}"
550,199,fundamentado,1.0,2022-07-17,19:54:49.034675,2,"{1,1,1,1,1,1,1,1,1,1,1,1}",{}
551,200,profetica,0.22,2022-07-17,19:55:10.601278,1,"{0,1,0,0,0,0,0,0,0}","{e,i,c,a}"
552,200,arcangeli,0.22,2022-07-17,19:55:11.338533,2,"{0,1,0,0,0,0,0,0,0}","{a,c,e,l,i}"
553,200,cruciales,1.0,2022-07-17,19:55:12.115275,3,"{1,1,1,1,1,1,1,1,1}",{}
554,201,agrupaciones,0.17,2022-07-17,19:55:42.298357,1,"{0,0,0,0,0,0,0,0,0,0,0,1}","{a,c,i,o,e}"
555,201,exsovieticas,1.0,2022-07-17,19:55:42.97858,2,"{1,1,1,1,1,1,1,1,1,1,1,1}",{}
556,202,acuño,0.6,2022-07-17,19:55:50.258242,1,"{0,1,1,0,1}",{}
557,202,ocupo,1.0,2022-07-17,19:55:50.941459,2,"{1,1,1,1,1}",{}
558,203,atribuyendola,0.38,2022-07-17,19:56:11.815978,1,"{0,0,0,0,0,0,0,0,0,0,0,0,1}","{a,t,r,i,u,o}"
559,203,suffragatoria,1.0,2022-07-17,19:56:12.559344,2,"{1,1,1,1,1,1,1,1,1,1,1,1,1}",{}
560,204,procedan,0.12,2022-07-17,19:56:25.643184,1,"{0,0,0,0,0,0,0,0}",{a}
561,204,taxiways,0.25,2022-07-17,19:56:26.358828,2,"{0,1,0,0,0,0,0,0}","{t,i,a,y,s}"
562,204,yahvista,1.0,2022-07-17,19:56:27.035808,3,"{1,1,1,1,1,1,1,1}",{}
563,205,estipulado,0.4,2022-07-17,19:56:33.195836,1,"{1,0,0,0,0,1,0,0,0,0}","{s,t,a}"
564,205,efectuarse,1.0,2022-07-17,19:56:33.898591,2,"{1,1,1,1,1,1,1,1,1,1}",{}
565,206,shad,0.5,2022-07-17,19:56:40.155918,1,"{1,0,1,0}",{}
566,206,stan,0.5,2022-07-17,19:56:40.922149,2,"{1,0,1,0}",{}
567,206,slam,1.0,2022-07-17,19:56:41.659237,3,"{1,1,1,1}",{}
568,207,estimula,0.38,2022-07-17,19:59:58.123811,1,"{1,0,0,1,0,0,0,0}","{m,a}"
569,207,empiezan,1.0,2022-07-17,19:59:58.924868,2,"{1,1,1,1,1,1,1,1}",{}
570,208,consumible,0.2,2022-07-17,20:00:04.181524,1,"{0,0,0,0,0,0,0,0,0,0}","{o,s,i,e}"
571,208,prefijados,0.4,2022-07-17,20:00:04.865206,2,"{1,1,0,0,0,0,0,0,0,0}","{e,i,o,s}"
572,208,progresivo,1.0,2022-07-17,20:00:05.53356,3,"{1,1,1,1,1,1,1,1,1,1}",{}
573,209,consumible,0.4,2022-07-17,20:00:11.4377,1,"{1,1,0,0,0,0,0,0,0,0}","{s,m}"
574,209,cosmodromo,1.0,2022-07-17,20:00:12.158175,2,"{1,1,1,1,1,1,1,1,1,1}",{}
575,210,estimulando,0.18,2022-07-17,20:00:17.648284,1,"{0,0,0,0,0,0,0,0,1,0,0}","{e,s,i,l,o}"
576,210,reflexiones,0.64,2022-07-17,20:00:18.461613,2,"{0,0,0,0,0,0,1,1,1,1,1}","{e,l}"
577,210,colecciones,1.0,2022-07-17,20:00:19.238045,3,"{1,1,1,1,1,1,1,1,1,1,1}",{}
578,211,procedan,0.5,2022-07-17,20:00:24.861602,1,"{0,0,1,1,0,0,1,1}",{}
579,211,chocaban,1.0,2022-07-17,20:00:25.581606,2,"{1,1,1,1,1,1,1,1}",{}
580,212,profetica,0.33,2022-07-17,20:00:30.997613,1,"{0,0,0,0,0,0,0,0,0}","{o,i,c,a}"
581,212,vinculado,0.67,2022-07-17,20:00:31.724859,2,"{0,0,0,0,0,0,0,1,1}","{i,n,c,a}"
582,212,cambiando,0.56,2022-07-17,20:00:32.466066,3,"{0,0,0,0,0,1,1,1,1}","{c,i}"
583,212,incisando,1.0,2022-07-17,20:00:33.201671,4,"{1,1,1,1,1,1,1,1,1}",{}
584,213,centigrados,0.36,2022-07-17,20:00:40.141405,1,"{0,0,0,0,0,0,0,1,0,0,0}","{c,n,t,i,r,d,o}"
585,213,practicando,1.0,2022-07-17,20:00:40.861221,2,"{1,1,1,1,1,1,1,1,1,1,1}",{}
586,214,comenta,0.29,2022-07-17,20:00:47.184901,1,"{0,0,0,0,0,0,0}","{e,t,a}"
587,214,adultez,0.14,2022-07-17,20:00:47.984449,2,"{0,0,0,0,0,1,0}","{a,l,t}"
588,214,vitales,0.57,2022-07-17,20:00:48.738074,3,"{0,0,0,0,1,1,1}","{t,a}"
589,214,beatles,1.0,2022-07-17,20:00:49.538123,4,"{1,1,1,1,1,1,1}",{}
590,215,profetica,0.11,2022-07-17,20:00:56.56111,1,"{0,1,0,0,0,0,0,0,0}","{e,t,a}"
591,215,artesanal,1.0,2022-07-17,20:00:57.321325,2,"{1,1,1,1,1,1,1,1,1}",{}
592,216,estipulado,0.4,2022-07-17,20:01:04.398642,1,"{0,0,0,0,0,0,0,0,1,0}","{e,l,a}"
593,216,avellaneda,1.0,2022-07-17,20:01:05.12505,2,"{1,1,1,1,1,1,1,1,1,1}",{}
594,217,estimulando,0.45,2022-07-17,20:01:11.038881,1,"{0,0,0,0,0,0,0,0,0,0,1}","{s,i,u,a,n,d}"
595,217,sudafricano,1.0,2022-07-17,20:01:11.781907,2,"{1,1,1,1,1,1,1,1,1,1,1}",{}
596,218,estimula,0.12,2022-07-17,20:01:16.941466,1,"{0,0,0,0,0,0,0,0}","{s,a}"
597,218,abogados,0.62,2022-07-17,20:01:17.681879,2,"{1,0,0,1,1,1,0,1}",{}
598,218,apagadas,1.0,2022-07-17,20:01:18.462165,3,"{1,1,1,1,1,1,1,1}",{}
599,219,incomparables,0.08,2022-07-17,20:01:23.664636,1,"{0,0,0,0,0,0,0,0,0,0,0,0,0}","{i,m,a,a,l}"
600,219,tlamatiliztli,1.0,2022-07-17,20:01:24.407653,2,"{1,1,1,1,1,1,1,1,1,1,1,1,1}",{}
601,220,comenta,0.29,2022-07-17,20:01:29.622359,1,"{0,1,0,1,0,0,0}",{m}
602,220,modelos,1.0,2022-07-17,20:01:30.821681,2,"{1,1,1,1,1,1,1}",{}
603,221,averiguo,0.25,2022-07-17,20:01:37.958596,1,"{0,0,0,0,0,0,0,0}","{a,v,e,i,u}"
604,221,equivale,1.0,2022-07-17,20:01:38.726464,2,"{1,1,1,1,1,1,1,1}",{}
605,222,centigrados,0.55,2022-07-17,20:01:43.701733,1,"{1,0,1,0,0,0,0,0,0,0,0}","{t,i,r,a,o,s}"
606,222,construiran,1.0,2022-07-17,20:01:44.442044,2,"{1,1,1,1,1,1,1,1,1,1,1}",{}
607,223,consumible,0.2,2022-07-17,20:01:49.7018,1,"{0,0,0,0,0,0,0,0,0,0}","{o,n,e}"
608,223,extrajeron,0.6,2022-07-17,20:01:50.538574,2,"{0,0,0,0,0,0,0,1,1,1}","{e,t,r,a}"
609,223,deportaron,1.0,2022-07-17,20:01:51.302544,3,"{1,1,1,1,1,1,1,1,1,1}",{}
610,224,comed,0.2,2022-07-17,20:01:56.584763,1,"{0,0,0,0,0}","{o,e}"
611,224,elton,0.6,2022-07-17,20:01:57.318674,2,"{0,0,0,0,0}","{e,t,o}"
612,224,gesto,0.6,2022-07-17,20:01:58.021546,3,"{0,1,0,1,1}",{}
613,224,herto,0.6,2022-07-17,20:01:58.781958,4,"{0,1,0,1,1}",{}
614,224,texto,1.0,2022-07-17,20:01:59.524585,5,"{1,1,1,1,1}",{}
615,225,aceros,0.17,2022-07-17,20:02:06.779325,1,"{0,0,0,0,0,0}","{a,c}"
616,225,ubican,0.5,2022-07-17,20:02:07.542316,2,"{0,0,0,0,0,0}","{i,c,a,n}"
617,225,indica,0.67,2022-07-17,20:02:08.359207,3,"{0,0,0,0,0,1}","{i,n,d,c}"
618,225,candia,1.0,2022-07-17,20:02:09.126749,4,"{1,1,1,1,1,1}",{}
619,226,caen,0.25,2022-07-17,20:02:14.306916,1,"{0,0,0,0}",{a}
620,226,amor,0.25,2022-07-17,20:02:15.025607,2,"{0,0,0,0}","{a,r}"
621,226,riga,0.5,2022-07-17,20:02:15.759168,3,"{0,1,0,1}",{r}
622,226,lira,1.0,2022-07-17,20:02:16.462448,4,"{1,1,1,1}",{}
623,227,estimula,0.12,2022-07-17,20:02:21.742685,1,"{0,0,0,0,0,0,0,0}","{i,a}"
624,227,adopcion,0.25,2022-07-17,20:02:22.459199,2,"{0,0,0,0,0,0,0,0}","{a,o,i,o,n}"
625,227,jovanovi,1.0,2022-07-17,20:02:23.146885,3,"{1,1,1,1,1,1,1,1}",{}
626,228,aceros,0.33,2022-07-17,20:02:28.339156,1,"{0,0,0,0,0,0}","{a,e,s}"
627,228,semita,0.67,2022-07-17,20:02:29.139196,2,"{0,1,0,0,1,1}","{s,m}"
628,228,meseta,1.0,2022-07-17,20:02:29.864968,3,"{1,1,1,1,1,1}",{}
629,229,estipulado,0.6,2022-07-17,20:02:34.882697,1,"{0,0,1,1,0,1,1,0,0,1}","{e,s}"
630,229,meticuloso,1.0,2022-07-17,20:02:35.622721,2,"{1,1,1,1,1,1,1,1,1,1}",{}
631,230,procedan,0.38,2022-07-17,20:02:40.842501,1,"{1,0,0,0,0,0,0,0}","{e,a,n}"
632,230,patentes,1.0,2022-07-17,20:02:41.562642,2,"{1,1,1,1,1,1,1,1}",{}
633,231,profetica,0.44,2022-07-17,20:02:46.559199,1,"{0,0,0,0,0,0,0,0,0}","{p,r,e,t,i,a}"
634,231,supeditar,1.0,2022-07-17,20:02:47.247107,2,"{1,1,1,1,1,1,1,1,1}",{}
635,232,completan,0.56,2022-07-17,20:02:52.879174,1,"{1,0,0,0,0,0,0,0,1}","{o,m,a}"
636,232,cromagnon,1.0,2022-07-17,20:02:53.559199,2,"{1,1,1,1,1,1,1,1,1}",{}
637,233,shad,0.5,2022-07-18,12:42:28.5522,1,"{0,0,0,0}","{a,d}"
638,233,andy,1.0,2022-07-18,12:42:29.312651,2,"{1,1,1,1}",{}
639,234,incomparables,0.31,2022-07-18,12:42:42.751496,1,"{0,1,0,0,0,0,0,0,0,0,0,0,0}","{c,a,r,a,l,e}"
640,234,engrandecerla,1.0,2022-07-18,12:42:43.452313,2,"{1,1,1,1,1,1,1,1,1,1,1,1,1}",{}
641,235,equipamientos,0.31,2022-07-18,12:43:18.538397,1,"{0,0,0,0,0,0,0,0,1,0,0,1,1}","{e,u,p,a,m,t}"
642,235,autoempleados,1.0,2022-07-18,12:43:19.309077,2,"{1,1,1,1,1,1,1,1,1,1,1,1,1}",{}
643,236,republicanos,0.5,2022-07-18,12:43:48.473489,1,"{0,0,0,0,0,0,0,0,0,1,0,1}","{r,e,p,i,c,o}"
644,236,predicciones,1.0,2022-07-18,12:43:49.373441,2,"{1,1,1,1,1,1,1,1,1,1,1,1}",{}
645,237,estipulado,0.2,2022-07-18,12:44:33.872857,1,"{0,0,0,1,0,0,0,0,0,0}","{e,s,u,o}"
646,237,municiones,1.0,2022-07-18,12:44:34.817269,2,"{1,1,1,1,1,1,1,1,1,1}",{}
647,238,aceros,0.33,2022-07-18,12:44:51.93295,1,"{1,0,0,1,0,0}",{o}
648,238,afirmo,0.5,2022-07-18,12:44:52.75835,2,"{1,0,0,1,0,0}","{m,o}"
649,238,amoral,1.0,2022-07-18,12:44:53.514217,3,"{1,1,1,1,1,1}",{}
650,239,comed,0.4,2022-07-18,12:45:09.670679,1,"{0,0,0,0,0}","{o,m,e}"
651,239,menor,1.0,2022-07-18,12:45:10.453051,2,"{1,1,1,1,1}",{}
652,240,comenta,0.14,2022-07-18,12:45:36.450994,1,"{0,0,0,0,0,0,0}",{a}
653,240,fibulas,0.14,2022-07-18,12:45:37.333516,2,"{0,0,0,0,0,0,0}","{i,l,a}"
654,240,ghazali,1.0,2022-07-18,12:45:38.178838,3,"{1,1,1,1,1,1,1}",{}
655,241,complementarias,0.4,2022-07-18,12:46:20.91679,1,"{0,0,0,0,0,0,0,0,0,0,0,0,0,0,0}","{c,m,p,l,e,e,n,t,a,r,i,a}"
656,241,particularmente,1.0,2022-07-18,12:46:21.725829,2,"{1,1,1,1,1,1,1,1,1,1,1,1,1,1,1}",{}
657,242,estimula,0.38,2022-07-18,12:47:05.394117,1,"{0,0,0,0,0,0,0,0}","{e,t,i,m}"
658,242,demetrio,0.62,2022-07-18,12:47:06.210741,2,"{0,0,1,1,1,0,0,1}","{d,i}"
659,242,cometido,1.0,2022-07-18,12:47:06.933888,3,"{1,1,1,1,1,1,1,1}",{}
660,243,atribuyendola,0.23,2022-07-18,12:47:30.611192,1,"{0,0,0,0,0,0,0,1,0,0,0,0,0}","{t,i,n}"
661,243,eminentemente,1.0,2022-07-18,12:47:31.337498,2,"{1,1,1,1,1,1,1,1,1,1,1,1,1}",{}
662,244,caen,0.25,2022-07-18,12:47:55.011236,1,"{0,0,0,1}",{}
663,244,iron,0.75,2022-07-18,12:47:55.834345,2,"{0,0,1,1}",{i}
664,244,pion,0.75,2022-07-18,12:47:56.531148,3,"{0,1,1,1}",{}
665,244,sion,1.0,2022-07-18,12:47:57.298992,4,"{1,1,1,1}",{}
666,245,centigrados,0.36,2022-07-18,12:48:04.554452,1,"{1,0,1,1,0,0,0,0,0,0,0}","{e,i,r,o}"
667,245,contribuyen,1.0,2022-07-18,12:48:05.33446,2,"{1,1,1,1,1,1,1,1,1,1,1}",{}
668,246,republicanos,0.17,2022-07-18,12:48:12.27112,1,"{0,0,0,0,0,0,1,0,0,0,0,0}","{r,a,n,o}"
669,246,normatividad,1.0,2022-07-18,12:48:13.014394,2,"{1,1,1,1,1,1,1,1,1,1,1,1}",{}
670,247,comenta,0.29,2022-07-18,12:48:20.554585,1,"{0,0,0,1,1,0,0}",{}
671,247,juvenil,0.29,2022-07-18,12:48:21.279655,2,"{0,0,0,1,1,0,0}",{l}
672,247,legende,1.0,2022-07-18,12:48:21.971138,3,"{1,1,1,1,1,1,1}",{}
673,248,profetica,0.33,2022-07-18,12:48:51.011696,1,"{0,0,0,0,0,0,0,0,0}","{r,o,e,a}"
674,248,quebrando,0.33,2022-07-18,12:48:51.774967,2,"{0,0,0,0,0,1,0,0,0}","{e,b,r,n,o}"
675,248,razonable,0.67,2022-07-18,12:48:52.534851,3,"{1,0,0,1,0,1,1,1,1}",{n}
676,248,renovable,1.0,2022-07-18,12:48:53.355389,4,"{1,1,1,1,1,1,1,1,1}",{}
677,249,shad,0.25,2022-07-18,12:49:12.355024,1,"{0,1,0,0}",{}
678,249,chef,0.5,2022-07-18,12:49:13.117929,2,"{1,1,0,0}",{}
679,249,chim,1.0,2022-07-18,12:49:13.898098,3,"{1,1,1,1}",{}
680,250,consumible,0.1,2022-07-18,12:49:48.699584,1,"{0,0,0,0,0,0,0,0,0,0}","{o,s,m}"
681,250,mayorazgos,1.0,2022-07-18,12:49:49.639673,2,"{1,1,1,1,1,1,1,1,1,1}",{}
682,251,consumible,0.4,2022-07-18,12:50:03.676021,1,"{1,1,0,0,1,0,0,0,0,0}","{n,i}"
683,251,corrupcion,1.0,2022-07-18,12:50:04.452014,2,"{1,1,1,1,1,1,1,1,1,1}",{}
684,252,estipulado,0.4,2022-07-18,12:51:03.818771,1,"{0,0,0,0,0,0,0,0,0,0}","{i,p,l,a,d,o}"
685,252,diplomacia,1.0,2022-07-18,12:51:04.572828,2,"{1,1,1,1,1,1,1,1,1,1}",{}
686,253,profetica,0.22,2022-07-18,12:51:34.799432,1,"{0,0,0,0,0,0,0,0,0}","{e,t,i,a}"
687,253,estimulan,0.33,2022-07-18,12:51:35.552855,2,"{0,0,0,0,0,0,0,0,1}","{e,t,i,m,a}"
688,253,mantienen,1.0,2022-07-18,12:51:36.412895,3,"{1,1,1,1,1,1,1,1,1}",{}
689,254,profetica,0.22,2022-07-18,12:52:57.916281,1,"{0,0,0,0,1,0,1,0,1}","{o,t,c}"
690,254,congenita,1.0,2022-07-18,12:52:58.879599,2,"{1,1,1,1,1,1,1,1,1}",{}
691,255,champ,0.2,2022-07-18,12:53:06.096771,1,"{0,1,0,0,0}",{}
692,255,thing,1.0,2022-07-18,12:53:06.916964,2,"{1,1,1,1,1}",{}
693,256,consumible,0.2,2022-07-18,12:53:13.459637,1,"{1,0,0,1,0,0,1,0,0,0}","{n,l}"
694,256,clasifican,1.0,2022-07-18,12:53:14.173379,2,"{1,1,1,1,1,1,1,1,1,1}",{}
695,257,procedan,0.12,2022-07-18,12:53:22.396764,1,"{0,0,0,0,0,0,1,0}",{}
696,257,matthias,0.38,2022-07-18,12:53:23.156594,2,"{0,1,0,0,0,0,1,1}",{}
697,257,valvulas,1.0,2022-07-18,12:53:23.873381,3,"{1,1,1,1,1,1,1,1}",{}
698,258,aureliano,0.33,2022-07-18,12:53:32.882209,1,"{0,1,0,0,0,0,0,0,0}","{a,r,e,i,a}"
699,258,rubiaceae,1.0,2022-07-18,12:53:33.593798,2,"{1,1,1,1,1,1,1,1,1}",{}
700,259,procedan,0.38,2022-07-18,12:53:41.053822,1,"{0,0,0,1,1,0,0,0}","{r,o,n}"
701,259,concebir,1.0,2022-07-18,12:53:41.79778,2,"{1,1,1,1,1,1,1,1}",{}
702,260,atribuyendola,0.38,2022-07-18,12:53:50.400615,1,"{0,0,0,0,0,0,0,0,0,0,0,0,0}","{t,r,i,e,n,o,l}"
703,260,florecimiento,1.0,2022-07-18,12:53:51.093712,2,"{1,1,1,1,1,1,1,1,1,1,1,1,1}",{}
704,261,aceros,0.33,2022-07-18,12:54:05.273978,1,"{0,0,0,0,0,0}","{a,o,s}"
705,261,sabido,0.17,2022-07-18,12:54:05.993841,2,"{0,0,0,0,0,0}","{s,a,i,d,o}"
706,261,odisha,1.0,2022-07-18,12:54:06.797958,3,"{1,1,1,1,1,1}",{}
707,262,averiguo,0.25,2022-07-18,12:54:14.861948,1,"{1,0,0,0,1,0,0,1}",{}
708,262,amoniaco,0.62,2022-07-18,12:54:15.583026,2,"{1,0,1,0,1,1,0,1}",{c}
709,262,asociado,1.0,2022-07-18,12:54:16.273797,3,"{1,1,1,1,1,1,1,1}",{}
710,263,aliento,0.43,2022-07-18,12:54:24.377179,1,"{1,0,0,0,0,0,0}","{n,o}"
711,263,audubon,0.43,2022-07-18,12:54:25.076966,2,"{1,1,0,0,0,1,0}","{d,n}"
712,263,aunados,1.0,2022-07-18,12:54:25.857237,3,"{1,1,1,1,1,1,1}",{}
713,264,procedan,0.38,2022-07-18,12:55:05.837908,1,"{0,0,0,0,0,0,0,1}","{r,o,a}"
714,264,saltaron,0.62,2022-07-18,12:55:06.621017,2,"{0,0,0,0,1,1,1,1}","{a,l}"
715,264,libraron,0.62,2022-07-18,12:55:07.454538,3,"{1,0,0,0,1,1,1,1}",{}
716,264,llamaron,1.0,2022-07-18,12:55:08.234193,4,"{1,1,1,1,1,1,1,1}",{}
717,265,cortan,0.33,2022-07-18,12:55:18.237442,1,"{0,0,0,0,1,1}",{}
718,265,guzman,0.5,2022-07-18,12:55:19.054327,2,"{0,1,0,0,1,1}",{}
719,265,fundan,1.0,2022-07-18,12:55:20.134226,3,"{1,1,1,1,1,1}",{}
720,266,procedan,0.25,2022-07-18,12:55:29.85869,1,"{0,0,0,0,1,0,0,0}","{r,o}"
721,266,gilberto,0.5,2022-07-18,12:55:30.694754,2,"{0,0,0,1,1,1,0,0}",{o}
722,266,bomberos,1.0,2022-07-18,12:55:31.401961,3,"{1,1,1,1,1,1,1,1}",{}
723,267,acuiferos,0.22,2022-07-18,12:55:41.254617,1,"{1,0,0,0,0,0,0,0,0}","{u,e,r,s}"
724,267,aseguraba,1.0,2022-07-18,12:55:41.998032,2,"{1,1,1,1,1,1,1,1,1}",{}
725,268,equivocada,0.2,2022-07-18,12:56:11.838228,1,"{0,0,0,0,0,0,0,0,0,0}","{i,o,a}"
726,268,imaginario,0.8,2022-07-18,12:56:12.638508,2,"{0,0,0,1,1,1,1,1,1,1}",{i}
727,268,originario,1.0,2022-07-18,12:56:13.362345,3,"{1,1,1,1,1,1,1,1,1,1}",{}
728,269,procedan,0.25,2022-07-18,12:57:17.255654,1,"{0,0,0,0,1,0,1,0}","{r,c}"
729,269,cervezas,0.62,2022-07-18,12:57:18.038927,2,"{0,1,0,0,1,0,1,1}","{c,r}"
730,269,secretas,1.0,2022-07-18,12:57:18.818607,3,"{1,1,1,1,1,1,1,1}",{}
731,270,consumible,0.4,2022-07-18,12:57:26.418697,1,"{1,1,1,1,0,0,0,0,0,0}",{}
732,270,consagrado,1.0,2022-07-18,12:57:27.161868,2,"{1,1,1,1,1,1,1,1,1,1}",{}
733,271,schubert,0.25,2022-07-18,12:57:35.02295,1,"{0,0,0,0,0,0,0,0}","{s,c,h}"
734,271,planchas,0.5,2022-07-18,12:57:35.795845,2,"{0,0,1,1,0,0,0,1}","{c,h}"
735,271,chansons,1.0,2022-07-18,12:57:36.533477,3,"{1,1,1,1,1,1,1,1}",{}
736,272,comenta,0.43,2022-07-18,12:57:55.135664,1,"{0,0,0,1,1,0,0}",{o}
737,272,huyendo,0.29,2022-07-18,12:57:55.818894,2,"{0,0,0,1,1,0,0}","{d,o}"
738,272,ordenes,1.0,2022-07-18,12:57:56.504003,3,"{1,1,1,1,1,1,1}",{}
739,273,centigrados,0.27,2022-07-18,12:58:11.679131,1,"{0,1,0,0,0,0,1,1,0,0,0}","{t,d,o,s}"
740,273,demostrable,1.0,2022-07-18,12:58:12.383858,2,"{1,1,1,1,1,1,1,1,1,1,1}",{}
741,274,aceros,0.33,2022-07-18,12:58:20.756047,1,"{0,0,0,0,0,0}","{a,c,s}"
742,274,cusita,0.33,2022-07-18,12:58:21.479011,2,"{0,0,0,0,0,1}","{c,s}"
743,274,sacaba,0.83,2022-07-18,12:58:22.182304,3,"{1,1,1,1,0,1}",{}
744,274,sacada,1.0,2022-07-18,12:58:22.89556,4,"{1,1,1,1,1,1}",{}
745,275,acuño,0.2,2022-07-18,12:58:43.376118,1,"{1,0,0,0,0}",{}
746,275,aires,0.4,2022-07-18,12:58:44.096076,2,"{1,0,0,0,0}",{e}
747,275,abate,0.6,2022-07-18,12:58:44.819605,3,"{1,1,0,0,0}","{a,e}"
748,275,abeja,0.8,2022-07-18,12:58:45.558768,4,"{1,1,1,0,1}",{}
749,275,abeba,1.0,2022-07-18,12:58:46.282521,5,"{1,1,1,1,1}",{}
750,276,comenta,0.14,2022-07-18,12:58:53.616153,1,"{0,0,0,0,0,0,0}","{e,n,a}"
751,276,bengali,0.14,2022-07-18,12:58:54.337345,2,"{0,0,1,0,1,0,0}","{e,l}"
752,276,lanzase,1.0,2022-07-18,12:58:55.183952,3,"{1,1,1,1,1,1,1}",{}
753,277,comenta,0.29,2022-07-18,12:59:03.503501,1,"{0,0,0,0,0,0,0}","{e,n,t,a}"
754,277,genital,0.29,2022-07-18,12:59:04.216087,2,"{0,0,0,0,0,0,0}","{e,n,t,a}"
755,277,atender,0.29,2022-07-18,12:59:04.956046,3,"{0,0,0,0,0,1,0}","{a,t,n,r}"
756,277,nazaret,1.0,2022-07-18,12:59:05.643835,4,"{1,1,1,1,1,1,1}",{}
757,278,agrupaciones,0.5,2022-07-18,12:59:14.176173,1,"{0,0,0,0,0,0,0,0,0,0,0,0}","{a,a,c,i,o,n,s}"
758,278,islamizacion,1.0,2022-07-18,12:59:14.879398,2,"{1,1,1,1,1,1,1,1,1,1,1,1}",{}
759,279,comenta,0.14,2022-07-18,14:35:15.035889,1,"{0,0,0,0,0,0,1}","{e,t}"
760,279,estriba,0.14,2022-07-18,14:35:15.790742,2,"{0,0,0,0,0,0,1}","{e,t,r}"
761,279,textura,0.57,2022-07-18,14:35:16.532253,3,"{0,0,0,1,0,1,1}",{e}
762,279,partera,1.0,2022-07-18,14:35:17.259124,4,"{1,1,1,1,1,1,1}",{}
763,280,aceros,0.5,2022-07-18,14:35:25.575706,1,"{0,0,0,0,0,0}","{a,c,o}"
764,280,comian,0.33,2022-07-18,14:35:26.332208,2,"{0,0,0,0,0,0}","{c,o,m,a}"
765,280,macaco,1.0,2022-07-18,14:35:27.112281,3,"{1,1,1,1,1,1}",{}
766,281,aceros,0.17,2022-07-18,14:35:33.680695,1,"{0,0,0,0,0,0}","{a,o,s}"
767,281,sabido,0.5,2022-07-18,14:35:34.417325,2,"{1,1,0,0,0,1}",{}
768,281,samano,1.0,2022-07-18,14:35:35.135962,3,"{1,1,1,1,1,1}",{}
769,282,imprescindibles,0.33,2022-07-18,15:17:35.661451,1,"{0,0,0,0,0,0,0,0,0,0,0,0,0,0,0}","{m,r,e,s,n,d,s}"
770,282,transformandose,1.0,2022-07-18,15:17:36.40451,2,"{1,1,1,1,1,1,1,1,1,1,1,1,1,1,1}",{}
771,283,consumible,0.2,2022-07-18,15:18:40.375555,1,"{0,0,0,0,0,0,0,0,0,0}","{c,o,u,i,l}"
772,283,agricultor,1.0,2022-07-18,15:18:41.14916,2,"{1,1,1,1,1,1,1,1,1,1}",{}
773,284,profetica,0.44,2022-07-18,15:18:44.692878,1,"{1,1,1,0,1,0,0,0,0}",{}
774,284,proveedor,1.0,2022-07-18,15:18:45.429191,2,"{1,1,1,1,1,1,1,1,1}",{}
775,285,consumible,0.1,2022-07-18,15:18:49.073177,1,"{0,0,0,0,0,0,0,0,1,0}","{c,o,n}"
776,285,alcanzarlo,1.0,2022-07-18,15:18:49.872836,2,"{1,1,1,1,1,1,1,1,1,1}",{}
777,286,procedan,0.5,2022-07-18,15:18:53.292545,1,"{1,1,1,0,0,0,0,0}",{a}
778,286,promulga,0.5,2022-07-18,15:18:54.032354,2,"{1,1,1,0,0,0,0,1}",{}
779,286,provista,1.0,2022-07-18,15:18:54.751997,3,"{1,1,1,1,1,1,1,1}",{}
780,287,estimula,0.25,2022-07-18,15:18:58.81277,1,"{0,0,0,0,0,0,0,0}","{e,s,i}"
781,287,precioso,0.12,2022-07-18,15:18:59.772405,2,"{0,0,0,0,0,0,0,0}","{r,e,i,s}"
782,287,severnii,1.0,2022-07-18,15:19:00.555314,3,"{1,1,1,1,1,1,1,1}",{}
783,288,profetica,0.22,2022-07-18,15:19:04.055501,1,"{0,0,0,0,0,0,0,0,0}","{r,o,e,t}"
784,288,estruendo,0.44,2022-07-18,15:19:04.772286,2,"{0,0,0,0,0,0,0,0,1}","{e,s,t,r,e,n}"
785,288,tenebroso,1.0,2022-07-18,15:19:05.492459,3,"{1,1,1,1,1,1,1,1,1}",{}
786,289,averiguo,0.5,2022-07-18,15:19:10.189187,1,"{0,0,0,0,0,0,0,1}","{a,r,i}"
787,289,oratorio,1.0,2022-07-18,15:19:10.93612,2,"{1,1,1,1,1,1,1,1}",{}
788,290,agrupaciones,0.08,2022-07-18,15:19:14.36918,1,"{0,0,0,0,0,0,0,0,0,0,0,0}","{a,r,a,i,o}"
789,290,totalizadora,1.0,2022-07-18,15:19:15.112047,2,"{1,1,1,1,1,1,1,1,1,1,1,1}",{}
790,291,lubavitchers,0.33,2022-07-18,15:19:18.676904,1,"{0,0,0,0,0,0,0,0,0,0,0,1}","{l,a,i,t,e}"
791,291,spitalfields,1.0,2022-07-18,15:19:19.432585,2,"{1,1,1,1,1,1,1,1,1,1,1,1}",{}
792,292,comenta,0.43,2022-07-18,15:19:23.49279,1,"{0,0,0,1,1,0,0}","{c,o,a}"
793,292,ascenso,1.0,2022-07-18,15:19:24.276914,2,"{1,1,1,1,1,1,1}",{}
794,293,republicanos,0.25,2022-07-18,15:30:29.173942,1,"{0,0,0,0,0,0,0,0,0,0,0,0}","{e,u,b,l,i,c,n,s}"
795,293,indiscutible,1.0,2022-07-18,15:30:29.929719,2,"{1,1,1,1,1,1,1,1,1,1,1,1}",{}
796,294,aliento,0.14,2022-07-18,15:30:37.557813,1,"{0,0,0,0,0,0,0}","{a,i,e,t,o}"
797,294,emotiva,0.57,2022-07-18,15:30:38.437587,2,"{0,0,0,1,1,0,1}","{e,o}"
798,294,poetica,0.86,2022-07-18,15:30:39.210175,3,"{1,1,1,1,1,0,1}",{}
799,294,poetisa,1.0,2022-07-18,15:30:39.96972,4,"{1,1,1,1,1,1,1}",{}
800,295,caen,0.5,2022-07-18,15:30:48.856668,1,"{1,1,0,0}",{}
801,295,cali,0.75,2022-07-18,15:30:49.697244,2,"{1,1,0,1}",{}
802,295,casi,1.0,2022-07-18,15:30:50.623415,3,"{1,1,1,1}",{}
803,296,estimula,0.12,2022-07-18,15:30:59.37347,1,"{0,0,0,0,0,0,0,0}","{i,a}"
804,296,adopcion,0.38,2022-07-18,15:31:00.189745,2,"{0,0,0,0,0,0,0,0}","{a,o,i}"
805,296,fabrizio,1.0,2022-07-18,15:31:00.929349,3,"{1,1,1,1,1,1,1,1}",{}
806,297,cortan,0.5,2022-07-18,15:31:13.103136,1,"{1,0,0,1,0,0}","{r,a}"
807,297,crates,0.83,2022-07-18,15:31:13.842954,2,"{1,1,1,1,1,0}",{}
808,297,crater,1.0,2022-07-18,15:31:14.56338,3,"{1,1,1,1,1,1}",{}
809,298,profetica,0.44,2022-07-18,15:31:22.980205,1,"{0,0,0,0,0,0,1,0,0}","{p,r,o,e,a}"
810,298,aprendido,1.0,2022-07-18,15:31:23.680158,2,"{1,1,1,1,1,1,1,1,1}",{}
811,299,profetica,0.11,2022-07-18,15:31:33.144875,1,"{0,0,1,0,0,0,0,0,0}","{p,t,a}"
812,299,adoptaban,0.67,2022-07-18,15:31:33.896966,2,"{1,1,1,1,1,1,0,0,0}",{}
813,299,adoptados,1.0,2022-07-18,15:31:34.637087,3,"{1,1,1,1,1,1,1,1,1}",{}
814,300,procedan,0.12,2022-07-18,15:31:41.22121,1,"{0,0,0,0,0,0,0,0}","{o,e}"
815,300,festivos,0.75,2022-07-18,15:31:41.925051,2,"{0,1,1,1,1,0,1,1}",{}
816,300,mestizos,1.0,2022-07-18,15:31:42.920761,3,"{1,1,1,1,1,1,1,1}",{}
817,301,procedan,0.25,2022-07-18,15:31:51.52008,1,"{0,0,0,0,1,0,1,0}","{r,o,d}"
818,301,doblegar,1.0,2022-07-18,15:31:52.30367,2,"{1,1,1,1,1,1,1,1}",{}
819,302,estipulado,0.4,2022-07-18,15:32:00.916955,1,"{0,0,1,1,0,0,0,0,0,0}","{a,o}"
820,302,mitigacion,0.8,2022-07-18,15:32:01.620933,2,"{1,0,1,1,0,1,1,1,1,1}",{}
821,302,motivacion,1.0,2022-07-18,15:32:02.336923,3,"{1,1,1,1,1,1,1,1,1,1}",{}
822,303,consumible,0.3,2022-07-18,15:32:08.360274,1,"{0,0,0,0,0,0,0,0,0,0}","{c,o,n,i,e}"
823,303,predicando,0.8,2022-07-18,15:32:09.143948,2,"{1,1,1,1,1,1,1,0,0,0}","{n,o}"
824,303,predicaron,1.0,2022-07-18,15:32:09.904416,3,"{1,1,1,1,1,1,1,1,1,1}",{}
825,304,completan,0.22,2022-07-18,15:32:16.717272,1,"{0,0,0,1,0,1,0,0,0}","{c,t}"
826,304,wieprecht,1.0,2022-07-18,15:32:17.517271,2,"{1,1,1,1,1,1,1,1,1}",{}
827,305,universalizacion,0.5,2022-07-18,15:32:27.923023,1,"{0,0,1,1,0,0,0,0,0,0,0,0,0,0,0,0}","{n,e,r,s,a,i,c,i,o,n}"
828,305,reivindicaciones,1.0,2022-07-18,15:32:28.743302,2,"{1,1,1,1,1,1,1,1,1,1,1,1,1,1,1,1}",{}
829,306,centigrados,0.45,2022-07-18,15:32:34.96061,1,"{1,0,0,0,0,0,0,0,1,0,0}","{e,i,a,o}"
830,306,complejidad,1.0,2022-07-18,15:32:35.706738,2,"{1,1,1,1,1,1,1,1,1,1,1}",{}
831,307,profetica,0.56,2022-07-18,15:32:41.765445,1,"{1,1,0,1,1,0,1,0,0}",{o}
832,307,preferido,1.0,2022-07-18,15:32:42.524207,2,"{1,1,1,1,1,1,1,1,1}",{}
833,308,acuño,0.4,2022-07-18,15:32:49.077244,1,"{0,0,0,0,1}",{c}
834,308,ciego,0.4,2022-07-18,15:32:49.823768,2,"{1,0,0,0,1}",{i}
835,308,comio,1.0,2022-07-18,15:32:50.60067,3,"{1,1,1,1,1}",{}
836,309,profetica,0.67,2022-07-18,15:32:56.42358,1,"{1,1,1,0,1,0,1,0,0}",{a}
837,309,promedian,1.0,2022-07-18,15:32:57.157259,2,"{1,1,1,1,1,1,1,1,1}",{}
838,310,procedan,0.38,2022-07-18,15:33:03.640691,1,"{1,0,0,0,0,0,1,0}","{r,o}"
839,310,portugal,0.62,2022-07-18,15:33:04.361109,2,"{1,1,0,1,1,0,1,0}","{r,l}"
840,310,postular,1.0,2022-07-18,15:33:05.100381,3,"{1,1,1,1,1,1,1,1}",{}
841,311,lubavitchers,0.33,2022-07-18,15:33:11.84157,1,"{0,0,0,0,0,0,0,0,0,0,0,0}","{l,u,b,a,t,e,r,s}"
842,311,deslumbrante,1.0,2022-07-18,15:33:12.582901,2,"{1,1,1,1,1,1,1,1,1,1,1,1}",{}
843,312,arqueologicamente,0.12,2022-07-18,15:33:18.65771,1,"{0,0,0,0,0,0,0,0,0,0,0,0,0,0,1,0,0}","{a,e,o,l,o,i,c,a}"
844,312,especializaciones,0.76,2022-07-18,15:33:19.421003,2,"{0,0,0,0,0,0,1,1,1,1,1,1,1,1,1,1,1}","{c,i}"
845,312,nacionalizaciones,1.0,2022-07-18,15:33:20.225446,3,"{1,1,1,1,1,1,1,1,1,1,1,1,1,1,1,1,1}",{}
846,313,estimula,0.12,2022-07-18,15:33:30.060874,1,"{0,0,0,0,0,0,0,0}","{e,s,i}"
847,313,precioso,0.5,2022-07-18,15:33:30.820821,2,"{0,0,1,0,0,1,1,0}","{r,i}"
848,313,riendose,1.0,2022-07-18,15:33:31.521014,3,"{1,1,1,1,1,1,1,1}",{}
849,314,averiguo,0.38,2022-07-18,15:33:37.640779,1,"{1,0,0,0,0,0,0,0}","{e,g,u}"
850,314,augustea,1.0,2022-07-18,15:33:38.444945,2,"{1,1,1,1,1,1,1,1}",{}
851,315,schenk,0.5,2022-07-18,15:33:52.437988,1,"{1,0,0,0,0,0}","{h,n}"
852,315,shinty,1.0,2022-07-18,15:33:53.803408,2,"{1,1,1,1,1,1}",{}
853,316,comenta,0.57,2022-07-18,15:33:59.837682,1,"{1,0,0,0,1,0,0}","{e,a}"
854,316,chennai,1.0,2022-07-18,15:34:00.537624,2,"{1,1,1,1,1,1,1}",{}
855,317,comenta,0.14,2022-07-18,15:34:05.80473,1,"{0,0,0,0,0,0,0}","{o,n,a}"
