"game_id","assigned_word_len","assigned_word_vowels","game_final_status","game_resol_method","max_attempts","req_word_time","rec_word_hints_time","game_end_time"
"62bd3bd80df7cf3f134400e7",11,4,1,2,2,"2022-06-30T05:59:49.420221","2022-06-30T05:59:52.701592","2022-06-30T05:59:53.632100"
"62bd3bda0df7cf3f134400eb",10,5,1,2,2,"2022-06-30T05:59:53.639929","2022-06-30T05:59:54.369409","2022-06-30T05:59:55.391652"
"62bd3bdc0df7cf3f134400ef",13,5,1,2,2,"2022-06-30T05:59:55.396345","2022-06-30T05:59:56.081598","2022-06-30T05:59:56.960238"
"62bd3bdd0df7cf3f134400f3",8,3,1,2,2,"2022-06-30T05:59:56.964935","2022-06-30T05:59:57.657160","2022-06-30T05:59:58.723403"
"62bd3bdf0df7cf3f134400f7",12,5,1,2,2,"2022-06-30T05:59:58.731114","2022-06-30T05:59:59.414217","2022-06-30T06:00:00.457528"
"62bd3be10df7cf3f134400fb",11,4,1,2,3,"2022-06-30T06:00:00.471789","2022-06-30T06:00:01.220918","2022-06-30T06:00:02.732121"
"62bd3be30df7cf3f13440100",5,2,1,2,4,"2022-06-30T06:00:02.739908","2022-06-30T06:00:03.822626","2022-06-30T06:00:05.895043"
"62bd3be60df7cf3f13440106",8,4,1,2,3,"2022-06-30T06:00:05.901878","2022-06-30T06:00:06.625669","2022-06-30T06:00:08.312338"
"62bd3be90df7cf3f1344010b",8,4,1,2,3,"2022-06-30T06:00:08.319110","2022-06-30T06:00:09.065310","2022-06-30T06:00:10.801559"
"62bd3beb0df7cf3f13440110",12,6,1,2,2,"2022-06-30T06:00:10.806221","2022-06-30T06:00:11.516548","2022-06-30T06:00:12.457669"
"62bd3bed0df7cf3f13440114",5,2,1,2,3,"2022-06-30T06:00:12.461920","2022-06-30T06:00:13.164046","2022-06-30T06:00:14.711287"
"62bd3bef0df7cf3f13440119",11,5,1,2,2,"2022-06-30T06:00:14.718775","2022-06-30T06:00:15.461030","2022-06-30T06:00:16.514333"
"62bd3bf10df7cf3f1344011d",7,2,1,2,2,"2022-06-30T06:00:16.521624","2022-06-30T06:00:17.243282","2022-06-30T06:00:18.125295"
"62bd3bf20df7cf3f13440121",7,3,1,2,3,"2022-06-30T06:00:18.132554","2022-06-30T06:00:18.867437","2022-06-30T06:00:20.760473"
"62bd3bf50df7cf3f13440126",7,4,1,2,4,"2022-06-30T06:00:20.767212","2022-06-30T06:00:21.493550","2022-06-30T06:00:23.539733"
"62bd3bf80df7cf3f1344012c",7,4,1,2,2,"2022-06-30T06:00:23.547358","2022-06-30T06:00:24.273174","2022-06-30T06:00:25.304352"
"62bd3bfa0df7cf3f13440130",15,6,1,2,2,"2022-06-30T06:00:25.314415","2022-06-30T06:00:26.061881","2022-06-30T06:00:26.983566"
"62bd3bfb0df7cf3f13440134",9,4,1,2,3,"2022-06-30T06:00:26.990233","2022-06-30T06:00:27.701859","2022-06-30T06:00:29.419549"
"62bd3bfe0df7cf3f13440139",5,2,1,2,4,"2022-06-30T06:00:29.424189","2022-06-30T06:00:30.144101","2022-06-30T06:00:31.955852"
"62bd3c000df7cf3f1344013f",11,5,1,2,2,"2022-06-30T06:00:31.960450","2022-06-30T06:00:32.663618","2022-06-30T06:00:33.595931"
"62d6ad0767f4d85dc3858275",13,6,1,2,3,"2022-07-19T13:09:23.988758","2022-07-19T13:09:27.592108","2022-07-19T13:09:28.926590"
"62d6ad0967f4d85dc385827a",7,3,1,2,3,"2022-07-19T13:09:28.935153","2022-07-19T13:09:29.692307","2022-07-19T13:09:31.306718"
"62d71ee5db52de3af9dc4e6c",9,3,1,2,3,"2022-07-19T21:15:13.240027","2022-07-19T21:15:17.232947","2022-07-19T21:15:18.607484"
"62d71ee7db52de3af9dc4e71",15,7,1,2,2,"2022-07-19T21:15:18.620506","2022-07-19T21:15:19.347224","2022-07-19T21:15:20.187366"
"62d72004db52de3af9dc4e75",10,4,1,2,3,"2022-07-19T21:20:03.605096","2022-07-19T21:20:04.359880","2022-07-19T21:20:05.760845"
"62d72006db52de3af9dc4e7a",10,5,1,2,2,"2022-07-19T21:20:05.769655","2022-07-19T21:20:06.475032","2022-07-19T21:20:07.411253"
"62d72008db52de3af9dc4e7e",12,7,1,2,2,"2022-07-19T21:20:07.417563","2022-07-19T21:20:08.122355","2022-07-19T21:20:08.927442"
"62d72009db52de3af9dc4e82",9,4,1,2,2,"2022-07-19T21:20:08.934756","2022-07-19T21:20:09.625180","2022-07-19T21:20:10.741619"
"62d7200bdb52de3af9dc4e86",7,3,1,2,3,"2022-07-19T21:20:10.748800","2022-07-19T21:20:11.462532","2022-07-19T21:20:12.924775"
"62d7200ddb52de3af9dc4e8b",8,4,1,2,3,"2022-07-19T21:20:12.933878","2022-07-19T21:20:13.662761","2022-07-19T21:20:15.080440"
"62d7200fdb52de3af9dc4e90",9,4,1,2,3,"2022-07-19T21:20:15.091219","2022-07-19T21:20:15.804602","2022-07-19T21:20:17.242653"
"62d72011db52de3af9dc4e95",12,5,1,2,2,"2022-07-19T21:20:17.249716","2022-07-19T21:20:17.930139","2022-07-19T21:20:18.863051"
"62d72013db52de3af9dc4e99",7,2,1,2,2,"2022-07-19T21:20:18.868795","2022-07-19T21:20:19.560746","2022-07-19T21:20:20.385355"
"62d72015db52de3af9dc4e9d",11,5,1,2,2,"2022-07-19T21:20:20.392488","2022-07-19T21:20:21.140983","2022-07-19T21:20:22.137737"
"62d72016db52de3af9dc4ea1",8,4,1,2,2,"2022-07-19T21:20:22.144392","2022-07-19T21:20:22.880862","2022-07-19T21:20:23.948016"
"62d72018db52de3af9dc4ea5",9,4,1,2,3,"2022-07-19T21:20:23.955779","2022-07-19T21:20:24.700978","2022-07-19T21:20:26.151746"
"62d7201adb52de3af9dc4eaa",13,7,1,2,2,"2022-07-19T21:20:26.159110","2022-07-19T21:20:26.900819","2022-07-19T21:20:27.745128"
"62d7201cdb52de3af9dc4eae",8,4,1,2,4,"2022-07-19T21:20:27.750890","2022-07-19T21:20:28.451889","2022-07-19T21:20:30.466082"
"62d7201fdb52de3af9dc4eb4",6,3,1,2,4,"2022-07-19T21:20:30.475135","2022-07-19T21:20:31.225278","2022-07-19T21:20:33.076479"
"62d72021db52de3af9dc4eba",4,2,1,2,4,"2022-07-19T21:20:33.085077","2022-07-19T21:20:33.822296","2022-07-19T21:20:35.527726"
"62d72024db52de3af9dc4ec0",13,6,1,2,2,"2022-07-19T21:20:35.535079","2022-07-19T21:20:36.262531","2022-07-19T21:20:37.109024"
"62d72025db52de3af9dc4ec4",7,2,1,2,2,"2022-07-19T21:20:37.118096","2022-07-19T21:20:37.841285","2022-07-19T21:20:38.812673"
"62d72027db52de3af9dc4ec8",6,3,1,2,4,"2022-07-19T21:20:38.818864","2022-07-19T21:20:39.840690","2022-07-19T21:20:41.647035"
"62d7202adb52de3af9dc4ece",9,4,1,2,3,"2022-07-19T21:20:41.652738","2022-07-19T21:20:42.692268","2022-07-19T21:20:44.126275"
"62d7202cdb52de3af9dc4ed3",6,3,1,2,3,"2022-07-19T21:20:44.131998","2022-07-19T21:20:44.901893","2022-07-19T21:20:46.327940"
"62d7202edb52de3af9dc4ed8",6,3,1,2,3,"2022-07-19T21:20:46.336350","2022-07-19T21:20:47.022363","2022-07-19T21:20:48.423293"
"62d72031db52de3af9dc4edd",6,2,1,2,3,"2022-07-19T21:20:48.429214","2022-07-19T21:20:49.132169","2022-07-19T21:20:50.423376"
"62d72033db52de3af9dc4ee2",8,4,1,2,3,"2022-07-19T21:20:50.430982","2022-07-19T21:20:51.136976","2022-07-19T21:20:52.527527"
"62d72035db52de3af9dc4ee7",9,5,1,2,3,"2022-07-19T21:20:52.534919","2022-07-19T21:20:53.251672","2022-07-19T21:20:54.506292"
"62d72037db52de3af9dc4eec",9,5,1,2,2,"2022-07-19T21:20:54.512836","2022-07-19T21:20:55.222883","2022-07-19T21:20:56.147055"
"62d72038db52de3af9dc4ef0",10,5,1,2,2,"2022-07-19T21:20:56.154756","2022-07-19T21:20:56.864882","2022-07-19T21:20:57.766631"
"62d7203adb52de3af9dc4ef4",10,5,1,2,3,"2022-07-19T21:20:57.774398","2022-07-19T21:20:58.694396","2022-07-19T21:21:00.019170"
"62d7203cdb52de3af9dc4ef9",7,3,1,2,3,"2022-07-19T21:21:00.025398","2022-07-19T21:21:00.753994","2022-07-19T21:21:02.259807"
"62d7203edb52de3af9dc4efe",6,3,1,2,3,"2022-07-19T21:21:02.268262","2022-07-19T21:21:02.983118","2022-07-19T21:21:04.398349"
"62d72041db52de3af9dc4f03",10,5,1,2,2,"2022-07-19T21:21:04.405246","2022-07-19T21:21:05.112855","2022-07-19T21:21:06.044898"
"62d72042db52de3af9dc4f07",7,3,1,2,4,"2022-07-19T21:21:06.053086","2022-07-19T21:21:06.903735","2022-07-19T21:21:08.820529"
"62d72045db52de3af9dc4f0d",11,5,1,2,3,"2022-07-19T21:21:08.826878","2022-07-19T21:21:09.534271","2022-07-19T21:21:10.929636"
"62d72047db52de3af9dc4f12",9,4,1,2,3,"2022-07-19T21:21:10.938258","2022-07-19T21:21:11.683966","2022-07-19T21:21:13.133236"
"62d72049db52de3af9dc4f17",7,3,1,2,3,"2022-07-19T21:21:13.142106","2022-07-19T21:21:13.863769","2022-07-19T21:21:15.409641"
"62d7204cdb52de3af9dc4f1c",8,4,1,2,2,"2022-07-19T21:21:15.419628","2022-07-19T21:21:16.112171","2022-07-19T21:21:17.142726"
"62d7204ddb52de3af9dc4f20",7,3,1,2,2,"2022-07-19T21:21:17.150115","2022-07-19T21:21:17.858273","2022-07-19T21:21:18.945655"
"62d7204fdb52de3af9dc4f24",9,5,1,2,2,"2022-07-19T21:21:18.952496","2022-07-19T21:21:19.708197","2022-07-19T21:21:20.543801"
"62d72051db52de3af9dc4f28",14,7,1,2,2,"2022-07-19T21:21:20.551015","2022-07-19T21:21:21.282690","2022-07-19T21:21:22.142819"
"62d72052db52de3af9dc4f2c",4,2,1,2,4,"2022-07-19T21:21:22.150302","2022-07-19T21:21:22.857603","2022-07-19T21:21:24.593962"
"62d72055db52de3af9dc4f32",5,3,1,2,3,"2022-07-19T21:21:24.600350","2022-07-19T21:21:25.321854","2022-07-19T21:21:26.629904"
"62d72057db52de3af9dc4f37",6,4,1,2,2,"2022-07-19T21:21:26.637018","2022-07-19T21:21:27.433898","2022-07-19T21:21:28.326563"
"62d72059db52de3af9dc4f3b",11,5,1,2,2,"2022-07-19T21:21:28.333263","2022-07-19T21:21:29.393256","2022-07-19T21:21:30.326311"
"62d7205bdb52de3af9dc4f3f",14,6,1,2,2,"2022-07-19T21:21:30.332787","2022-07-19T21:21:31.064617","2022-07-19T21:21:31.885392"
"62d7205cdb52de3af9dc4f43",9,5,1,2,2,"2022-07-19T21:21:31.894676","2022-07-19T21:21:32.628743","2022-07-19T21:21:33.499064"
"62d7205edb52de3af9dc4f47",8,3,1,2,3,"2022-07-19T21:21:33.505071","2022-07-19T21:21:34.224680","2022-07-19T21:21:35.528305"
"62d72060db52de3af9dc4f4c",8,3,1,2,2,"2022-07-19T21:21:35.534160","2022-07-19T21:21:36.610099","2022-07-19T21:21:37.566931"
"62d72062db52de3af9dc4f50",7,3,1,2,4,"2022-07-19T21:21:37.576687","2022-07-19T21:21:38.302556","2022-07-19T21:21:40.223416"
"62d72064db52de3af9dc4f56",10,4,1,2,3,"2022-07-19T21:21:40.230999","2022-07-19T21:21:40.967770","2022-07-19T21:21:42.342538"
"62d72067db52de3af9dc4f5b",11,4,1,2,2,"2022-07-19T21:21:42.350802","2022-07-19T21:21:43.123549","2022-07-19T21:21:44.005015"
"62d72068db52de3af9dc4f5f",14,7,1,2,2,"2022-07-19T21:21:44.011324","2022-07-19T21:21:44.742816","2022-07-19T21:21:45.564130"
"62d7206adb52de3af9dc4f63",10,4,1,2,2,"2022-07-19T21:21:45.572700","2022-07-19T21:21:46.282746","2022-07-19T21:21:47.204951"
"62d7206bdb52de3af9dc4f67",10,4,1,2,3,"2022-07-19T21:21:47.212240","2022-07-19T21:21:47.923867","2022-07-19T21:21:49.190650"
"62d7206ddb52de3af9dc4f6c",8,4,1,2,2,"2022-07-19T21:21:49.198007","2022-07-19T21:21:49.961193","2022-07-19T21:21:50.959071"
"62d7206fdb52de3af9dc4f70",7,3,1,2,4,"2022-07-19T21:21:50.965110","2022-07-19T21:21:51.682419","2022-07-19T21:21:53.484981"
"62d72072db52de3af9dc4f76",10,5,1,2,2,"2022-07-19T21:21:53.492281","2022-07-19T21:21:54.213823","2022-07-19T21:21:55.119579"
"62d72073db52de3af9dc4f7a",10,4,1,2,2,"2022-07-19T21:21:55.128049","2022-07-19T21:21:55.843641","2022-07-19T21:21:56.867300"
"62d72075db52de3af9dc4f7e",7,4,1,2,3,"2022-07-19T21:21:56.874570","2022-07-19T21:21:57.616946","2022-07-19T21:21:58.866839"
"62d72077db52de3af9dc4f83",16,6,1,2,2,"2022-07-19T21:21:58.875232","2022-07-19T21:21:59.653194","2022-07-19T21:22:00.464481"
"62d72079db52de3af9dc4f87",7,4,1,2,3,"2022-07-19T21:22:00.472629","2022-07-19T21:22:01.221911","2022-07-19T21:22:02.483493"
"62d7207bdb52de3af9dc4f8c",8,3,1,2,3,"2022-07-19T21:22:02.491837","2022-07-19T21:22:03.222831","2022-07-19T21:22:04.555018"
"62d7207ddb52de3af9dc4f91",6,2,1,2,3,"2022-07-19T21:22:04.560885","2022-07-19T21:22:05.302586","2022-07-19T21:22:06.555463"
"62d7207fdb52de3af9dc4f96",8,3,1,2,3,"2022-07-19T21:22:06.563128","2022-07-19T21:22:07.693117","2022-07-19T21:22:09.211866"
"62d72081db52de3af9dc4f9b",8,5,1,2,2,"2022-07-19T21:22:09.223101","2022-07-19T21:22:09.933993","2022-07-19T21:22:10.785212"
"62d72083db52de3af9dc4f9f",7,3,1,2,3,"2022-07-19T21:22:10.793440","2022-07-19T21:22:11.523453","2022-07-19T21:22:12.984589"
"62d72085db52de3af9dc4fa4",5,2,1,2,4,"2022-07-19T21:22:12.992227","2022-07-19T21:22:13.730336","2022-07-19T21:22:15.486393"
"62d72088db52de3af9dc4faa",7,3,1,2,3,"2022-07-19T21:22:15.493024","2022-07-19T21:22:16.263754","2022-07-19T21:22:17.685365"
"62d7208adb52de3af9dc4faf",11,5,1,2,2,"2022-07-19T21:22:17.692431","2022-07-19T21:22:18.443385","2022-07-19T21:22:19.385083"
"62d7208cdb52de3af9dc4fb3",8,3,1,2,2,"2022-07-19T21:22:19.391858","2022-07-19T21:22:20.185059","2022-07-19T21:22:21.147886"
"62d7208ddb52de3af9dc4fb7",13,6,1,2,2,"2022-07-19T21:22:21.154879","2022-07-19T21:22:22.004168","2022-07-19T21:22:22.840813"
"62d7208fdb52de3af9dc4fbb",5,2,1,2,4,"2022-07-19T21:22:22.847043","2022-07-19T21:22:23.624224","2022-07-19T21:22:25.352414"
"62d72092db52de3af9dc4fc1",11,5,1,2,2,"2022-07-19T21:22:25.360242","2022-07-19T21:22:26.104886","2022-07-19T21:22:27.025511"
"62d72093db52de3af9dc4fc5",5,2,1,2,4,"2022-07-19T21:22:27.032142","2022-07-19T21:22:27.774036","2022-07-19T21:22:29.504663"
"62d72096db52de3af9dc4fcb",9,4,1,2,2,"2022-07-19T21:22:29.512185","2022-07-19T21:22:30.243350","2022-07-19T21:22:31.304035"
"62d72097db52de3af9dc4fcf",11,6,1,2,3,"2022-07-19T21:22:31.311068","2022-07-19T21:22:32.044645","2022-07-19T21:22:33.285007"
"62d7209adb52de3af9dc4fd4",4,2,1,2,4,"2022-07-19T21:22:33.292144","2022-07-19T21:22:34.268822","2022-07-19T21:22:35.885721"
"62d7209cdb52de3af9dc4fda",8,4,1,2,3,"2022-07-19T21:22:35.893161","2022-07-19T21:22:36.654132","2022-07-19T21:22:38.336697"
"62d7209fdb52de3af9dc4fdf",11,5,1,2,3,"2022-07-19T21:22:38.344911","2022-07-19T21:22:39.143353","2022-07-19T21:22:40.431304"
"62d720a1db52de3af9dc4fe4",5,2,1,2,5,"2022-07-19T21:22:40.439214","2022-07-19T21:22:41.574333","2022-07-19T21:22:43.685368"
"62d720a4db52de3af9dc4feb",6,3,1,2,3,"2022-07-19T21:22:43.691368","2022-07-19T21:22:44.434774","2022-07-19T21:22:45.828404"
"62d720a6db52de3af9dc4ff0",9,4,1,2,2,"2022-07-19T21:22:45.838345","2022-07-19T21:22:46.583260","2022-07-19T21:22:47.613115"
"62d720a8db52de3af9dc4ff4",6,3,1,2,3,"2022-07-19T21:22:47.621816","2022-07-19T21:22:48.402848","2022-07-19T21:22:49.728905"
"62d720aadb52de3af9dc4ff9",6,2,1,2,3,"2022-07-19T21:22:49.736756","2022-07-19T21:22:50.463609","2022-07-19T21:22:51.762629"
"62d720acdb52de3af9dc4ffe",6,3,1,2,2,"2022-07-19T21:22:51.769358","2022-07-19T21:22:52.542813","2022-07-19T21:22:53.507213"
"62d720aedb52de3af9dc5002",7,3,1,2,3,"2022-07-19T21:22:53.513905","2022-07-19T21:22:54.254498","2022-07-19T21:22:55.696156"
"62d720b0db52de3af9dc5007",11,5,1,2,2,"2022-07-19T21:22:55.703460","2022-07-19T21:22:56.457608","2022-07-19T21:22:57.365445"
"62d720b2db52de3af9dc500b",6,3,1,2,4,"2022-07-19T21:22:57.372693","2022-07-19T21:22:58.135156","2022-07-19T21:22:59.826960"
"62d720b4db52de3af9dc5011",5,2,1,2,4,"2022-07-19T21:22:59.832905","2022-07-19T21:23:00.592804","2022-07-19T21:23:02.263619"
"62d720b6db52de3af9dc5017",9,5,1,2,3,"2022-07-19T21:23:02.271639","2022-07-19T21:23:03.038106","2022-07-19T21:23:04.310081"
"62d720b9db52de3af9dc501c",5,2,1,2,4,"2022-07-19T21:23:04.316283","2022-07-19T21:23:05.087990","2022-07-19T21:23:06.760363"
"62d720bbdb52de3af9dc5022",11,5,1,2,3,"2022-07-19T21:23:06.767378","2022-07-19T21:23:07.524679","2022-07-19T21:23:08.805134"
"62d720bddb52de3af9dc5027",13,6,1,2,3,"2022-07-19T21:23:08.811831","2022-07-19T21:23:09.567235","2022-07-19T21:23:10.821374"
"62d720bfdb52de3af9dc502c",15,7,1,2,2,"2022-07-19T21:23:10.828295","2022-07-19T21:23:11.954468","2022-07-19T21:23:12.765645"
"62d720c1db52de3af9dc5030",5,2,1,2,5,"2022-07-19T21:23:12.776993","2022-07-19T21:23:13.533978","2022-07-19T21:23:15.662725"
"62d720c4db52de3af9dc5037",6,3,1,2,3,"2022-07-19T21:23:15.670942","2022-07-19T21:23:16.448184","2022-07-19T21:23:17.784899"
"62d720c6db52de3af9dc503c",9,5,1,2,3,"2022-07-19T21:23:17.792293","2022-07-19T21:23:18.553408","2022-07-19T21:23:19.766451"
"62d720c8db52de3af9dc5041",7,3,1,2,3,"2022-07-19T21:23:19.773184","2022-07-19T21:23:20.543241","2022-07-19T21:23:22.004640"
"62d720cadb52de3af9dc5046",10,5,1,2,2,"2022-07-19T21:23:22.012741","2022-07-19T21:23:22.774096","2022-07-19T21:23:23.673165"
"62d720ccdb52de3af9dc504a",7,3,1,2,3,"2022-07-19T21:23:23.681473","2022-07-19T21:23:24.445006","2022-07-19T21:23:25.879788"
"62d720cedb52de3af9dc504f",8,4,1,2,2,"2022-07-19T21:23:25.886804","2022-07-19T21:23:26.699243","2022-07-19T21:23:27.668281"
"62d720d0db52de3af9dc5053",12,5,1,2,2,"2022-07-19T21:23:27.675097","2022-07-19T21:23:28.435772","2022-07-19T21:23:29.332656"
"62d720d2db52de3af9dc5057",7,3,1,2,3,"2022-07-19T21:23:29.338993","2022-07-19T21:23:30.114229","2022-07-19T21:23:31.597337"
"62d720d4db52de3af9dc505c",10,5,1,2,3,"2022-07-19T21:23:31.605161","2022-07-19T21:23:32.386349","2022-07-19T21:23:33.804543"
"62d720d6db52de3af9dc5061",12,5,1,2,2,"2022-07-19T21:23:33.811439","2022-07-19T21:23:34.607576","2022-07-19T21:23:35.492318"
"62d720d8db52de3af9dc5065",10,4,1,2,2,"2022-07-19T21:23:35.499011","2022-07-19T21:23:36.303336","2022-07-19T21:23:37.435243"
"62d720dadb52de3af9dc5069",11,6,1,2,2,"2022-07-19T21:23:37.443737","2022-07-19T21:23:38.224305","2022-07-19T21:23:39.447527"
"62d720dcdb52de3af9dc506d",15,7,1,2,2,"2022-07-19T21:23:39.456976","2022-07-19T21:23:40.275850","2022-07-19T21:23:41.229933"
"62d720dedb52de3af9dc5071",8,3,1,2,3,"2022-07-19T21:23:41.235794","2022-07-19T21:23:42.066767","2022-07-19T21:23:43.421993"
"62d720e0db52de3af9dc5076",10,5,1,2,2,"2022-07-19T21:23:43.429951","2022-07-19T21:23:44.285954","2022-07-19T21:23:45.219902"
"62d720e1db52de3af9dc507a",7,3,1,2,3,"2022-07-19T21:23:45.229868","2022-07-19T21:23:45.994714","2022-07-19T21:23:47.469467"
"62d720e4db52de3af9dc507f",5,2,1,2,2,"2022-07-19T21:23:47.479207","2022-07-19T21:23:48.236481","2022-07-19T21:23:49.400025"
"62d720e6db52de3af9dc5083",5,2,1,2,5,"2022-07-19T21:23:49.412774","2022-07-19T21:23:50.187007","2022-07-19T21:23:52.330594"
"62d720e9db52de3af9dc508a",6,4,1,2,2,"2022-07-19T21:23:52.337478","2022-07-19T21:23:53.139251","2022-07-19T21:23:53.965080"
"62d720eadb52de3af9dc508e",7,3,1,2,3,"2022-07-19T21:23:53.972022","2022-07-19T21:23:54.810818","2022-07-19T21:23:56.245779"
"62d720ecdb52de3af9dc5093",6,3,1,2,5,"2022-07-19T21:23:56.253758","2022-07-19T21:23:57.047275","2022-07-19T21:23:59.158741"
"62d720efdb52de3af9dc509a",8,3,1,2,3,"2022-07-19T21:23:59.166272","2022-07-19T21:23:59.964163","2022-07-19T21:24:01.329470"
"62d720f2db52de3af9dc509f",9,5,1,2,2,"2022-07-19T21:24:01.336797","2022-07-19T21:24:02.123220","2022-07-19T21:24:02.991940"
"62d720f3db52de3af9dc50a3",9,4,1,2,3,"2022-07-19T21:24:02.998078","2022-07-19T21:24:03.865747","2022-07-19T21:24:05.326171"
"62d720f6db52de3af9dc50a8",5,1,1,2,3,"2022-07-19T21:24:05.332389","2022-07-19T21:24:06.140312","2022-07-19T21:24:07.687480"
"62d720f8db52de3af9dc50ad",5,2,1,2,4,"2022-07-19T21:24:07.693319","2022-07-19T21:24:08.508268","2022-07-19T21:24:10.728916"
"62d720fbdb52de3af9dc50b3",14,7,1,2,2,"2022-07-19T21:24:10.761355","2022-07-19T21:24:11.591046","2022-07-19T21:24:12.510013"
"62d720fddb52de3af9dc50b7",14,6,1,2,2,"2022-07-19T21:24:12.541024","2022-07-19T21:24:13.367421","2022-07-19T21:24:14.466686"
"62d720ffdb52de3af9dc50bb",10,4,1,2,3,"2022-07-19T21:24:14.490223","2022-07-19T21:24:15.348091","2022-07-19T21:24:17.271918"
"62d72102db52de3af9dc50c0",14,7,1,2,2,"2022-07-19T21:24:17.284509","2022-07-19T21:24:18.187902","2022-07-19T21:24:19.089259"
"62d72103db52de3af9dc50c4",8,5,1,2,2,"2022-07-19T21:24:19.104280","2022-07-19T21:24:19.966270","2022-07-19T21:24:20.801729"
"62d72105db52de3af9dc50c8",8,5,1,2,2,"2022-07-19T21:24:20.808103","2022-07-19T21:24:21.625643","2022-07-19T21:24:22.447162"
"62d72107db52de3af9dc50cc",6,3,1,2,4,"2022-07-19T21:24:22.453673","2022-07-19T21:24:23.314483","2022-07-19T21:24:25.073801"
"62d72109db52de3af9dc50d2",6,1,1,2,2,"2022-07-19T21:24:25.080910","2022-07-19T21:24:25.905884","2022-07-19T21:24:26.711894"
"62d7210bdb52de3af9dc50d6",5,3,0,2,5,"2022-07-19T21:24:26.719118","2022-07-19T21:24:27.526257","2022-07-19T21:24:29.505143"
"62d7210edb52de3af9dc50dd",11,5,1,2,2,"2022-07-19T21:24:29.511758","2022-07-19T21:24:30.344069","2022-07-19T21:24:31.300246"
"62d72110db52de3af9dc50e1",10,4,1,2,2,"2022-07-19T21:24:31.308071","2022-07-19T21:24:32.125949","2022-07-19T21:24:33.088884"
"62d72112db52de3af9dc50e5",10,5,1,2,3,"2022-07-19T21:24:33.096994","2022-07-19T21:24:34.365696","2022-07-19T21:24:35.646259"
"62d72114db52de3af9dc50ea",8,4,1,2,3,"2022-07-19T21:24:35.654737","2022-07-19T21:24:36.500159","2022-07-19T21:24:38.133657"
"62d72116db52de3af9dc50ef",9,4,1,2,2,"2022-07-19T21:24:38.142186","2022-07-19T21:24:38.913840","2022-07-19T21:24:39.926383"
"62d72118db52de3af9dc50f3",5,2,1,2,4,"2022-07-19T21:24:39.932223","2022-07-19T21:24:40.985947","2022-07-19T21:24:42.830497"
"62d7211bdb52de3af9dc50f9",14,7,1,2,2,"2022-07-19T21:24:42.836262","2022-07-19T21:24:43.626088","2022-07-19T21:24:44.426148"
"62d7211ddb52de3af9dc50fd",7,3,1,2,3,"2022-07-19T21:24:44.431972","2022-07-19T21:24:45.247625","2022-07-19T21:24:46.663367"
"62d7211fdb52de3af9dc5102",4,2,1,2,5,"2022-07-19T21:24:46.669220","2022-07-19T21:24:47.445098","2022-07-19T21:24:49.447380"
"62d72122db52de3af9dc5109",9,3,1,2,2,"2022-07-19T21:24:49.454652","2022-07-19T21:24:50.246937","2022-07-19T21:24:51.095707"
"62d72123db52de3af9dc510d",12,5,1,2,3,"2022-07-19T21:24:51.102733","2022-07-19T21:24:51.908204","2022-07-19T21:24:53.186585"
"62d72125db52de3af9dc5112",4,2,1,2,3,"2022-07-19T21:24:53.193874","2022-07-19T21:24:54.005580","2022-07-19T21:24:55.238371"
"62d72127db52de3af9dc5117",8,3,1,2,2,"2022-07-19T21:24:55.245012","2022-07-19T21:24:56.039281","2022-07-19T21:24:56.976272"
"62d72129db52de3af9dc511b",8,4,1,2,3,"2022-07-19T21:24:56.984821","2022-07-19T21:24:57.795403","2022-07-19T21:24:59.208956"
"62d7212cdb52de3af9dc5120",8,3,1,2,2,"2022-07-19T21:24:59.216482","2022-07-19T21:25:00.405864","2022-07-19T21:25:01.314378"
"62d7212edb52de3af9dc5124",7,3,1,2,4,"2022-07-19T21:25:01.321631","2022-07-19T21:25:02.155577","2022-07-19T21:25:03.996888"
"62d72130db52de3af9dc512a",9,4,1,2,2,"2022-07-19T21:25:04.005846","2022-07-19T21:25:04.847501","2022-07-19T21:25:05.869912"
"62d72132db52de3af9dc512e",12,5,1,2,2,"2022-07-19T21:25:05.877838","2022-07-19T21:25:06.724546","2022-07-19T21:25:07.628185"
"62d72134db52de3af9dc5132",9,3,1,2,2,"2022-07-19T21:25:07.634583","2022-07-19T21:25:08.436983","2022-07-19T21:25:09.311742"
"62d72136db52de3af9dc5136",9,5,1,2,2,"2022-07-19T21:25:09.320053","2022-07-19T21:25:10.187601","2022-07-19T21:25:11.049298"
"62d72137db52de3af9dc513a",9,5,1,2,2,"2022-07-19T21:25:11.058461","2022-07-19T21:25:11.906344","2022-07-19T21:25:12.743067"
"62d72139db52de3af9dc513e",11,4,1,2,2,"2022-07-19T21:25:12.751628","2022-07-19T21:25:13.586074","2022-07-19T21:25:14.430800"
"62d7213bdb52de3af9dc5142",10,5,1,2,3,"2022-07-19T21:25:14.437978","2022-07-19T21:25:15.255980","2022-07-19T21:25:16.541398"
"62d7213ddb52de3af9dc5147",9,4,1,2,2,"2022-07-19T21:25:16.550321","2022-07-19T21:25:17.408057","2022-07-19T21:25:18.459829"
"62d7213fdb52de3af9dc514b",5,3,1,2,3,"2022-07-19T21:25:18.469206","2022-07-19T21:25:19.368834","2022-07-19T21:25:20.597232"
"62d72141db52de3af9dc5150",8,4,1,2,2,"2022-07-19T21:25:20.608612","2022-07-19T21:25:21.805097","2022-07-19T21:25:22.800416"
"62d72143db52de3af9dc5154",6,2,1,2,3,"2022-07-19T21:25:22.807021","2022-07-19T21:25:23.627606","2022-07-19T21:25:24.901506"
"62d72145db52de3af9dc5159",4,2,1,2,5,"2022-07-19T21:25:24.907332","2022-07-19T21:25:25.767347","2022-07-19T21:25:27.950883"
"62d72148db52de3af9dc5160",7,2,1,2,3,"2022-07-19T21:25:27.960262","2022-07-19T21:25:28.847162","2022-07-19T21:25:30.109113"
"62d7214adb52de3af9dc5165",5,2,1,2,5,"2022-07-19T21:25:30.116464","2022-07-19T21:25:30.948492","2022-07-19T21:25:33.090795"
"62d7214ddb52de3af9dc516c",8,3,1,2,3,"2022-07-19T21:25:33.099055","2022-07-19T21:25:34.052772","2022-07-19T21:25:35.594906"
"62d72150db52de3af9dc5171",6,2,1,2,2,"2022-07-19T21:25:35.604213","2022-07-19T21:25:36.447991","2022-07-19T21:25:37.544023"
"62d72152db52de3af9dc5175",9,4,1,2,3,"2022-07-19T21:25:37.552264","2022-07-19T21:25:38.454421","2022-07-19T21:25:39.885814"
"62d72154db52de3af9dc517a",11,6,1,2,2,"2022-07-19T21:25:39.892673","2022-07-19T21:25:40.779842","2022-07-19T21:25:41.594344"
"62d72156db52de3af9dc517e",9,4,1,2,3,"2022-07-19T21:25:41.601689","2022-07-19T21:25:42.447828","2022-07-19T21:25:43.859371"
"62d72158db52de3af9dc5183",8,3,1,2,2,"2022-07-19T21:25:43.866580","2022-07-19T21:25:44.706246","2022-07-19T21:25:45.697075"
"62d7215adb52de3af9dc5187",6,3,1,2,4,"2022-07-19T21:25:45.702836","2022-07-19T21:25:46.948538","2022-07-19T21:25:48.726716"
"62d7215ddb52de3af9dc518d",11,5,1,2,2,"2022-07-19T21:25:48.734058","2022-07-19T21:25:49.579444","2022-07-19T21:25:50.490542"
"62d7215fdb52de3af9dc5191",11,6,1,2,2,"2022-07-19T21:25:50.496291","2022-07-19T21:25:51.347435","2022-07-19T21:25:52.212743"
"62d72161db52de3af9dc5195",8,3,1,2,2,"2022-07-19T21:25:52.218397","2022-07-19T21:25:53.055934","2022-07-19T21:25:54.007371"
"62d72162db52de3af9dc5199",8,3,1,2,2,"2022-07-19T21:25:54.017397","2022-07-19T21:25:54.845250","2022-07-19T21:25:55.826071"
"62d72164db52de3af9dc519d",7,3,1,2,2,"2022-07-19T21:25:55.833423","2022-07-19T21:25:56.666555","2022-07-19T21:25:57.831255"
"62d72166db52de3af9dc51a1",9,3,1,2,2,"2022-07-19T21:25:57.837863","2022-07-19T21:25:58.686269","2022-07-19T21:25:59.529059"
"62d72168db52de3af9dc51a5",6,3,1,2,2,"2022-07-19T21:25:59.535751","2022-07-19T21:26:00.386307","2022-07-19T21:26:01.399022"
"62d7216adb52de3af9dc51a9",14,6,1,2,2,"2022-07-19T21:26:01.406160","2022-07-19T21:26:02.227442","2022-07-19T21:26:03.051444"
"62d7216bdb52de3af9dc51ad",11,5,1,2,2,"2022-07-19T21:26:03.060052","2022-07-19T21:26:03.906403","2022-07-19T21:26:04.849017"
"62d7216ddb52de3af9dc51b1",8,4,1,2,3,"2022-07-19T21:26:04.859005","2022-07-19T21:26:05.705974","2022-07-19T21:26:07.120581"
"62d72170db52de3af9dc51b6",7,2,1,2,3,"2022-07-19T21:26:07.129590","2022-07-19T21:26:08.296225","2022-07-19T21:26:09.503159"
"62d72172db52de3af9dc51bb",5,2,1,2,4,"2022-07-19T21:26:09.509274","2022-07-19T21:26:10.364017","2022-07-19T21:26:12.120447"
"62d72174db52de3af9dc51c1",6,3,1,2,2,"2022-07-19T21:26:12.126386","2022-07-19T21:26:12.968474","2022-07-19T21:26:13.961337"
"62d72176db52de3af9dc51c5",9,4,1,2,4,"2022-07-19T21:26:13.969012","2022-07-19T21:26:14.847930","2022-07-19T21:26:16.648941"
"62d72179db52de3af9dc51cb",7,3,1,2,3,"2022-07-19T21:26:16.655838","2022-07-19T21:26:17.509811","2022-07-19T21:26:19.000282"
"62d7217bdb52de3af9dc51d0",8,4,1,2,3,"2022-07-19T21:26:19.009343","2022-07-19T21:26:19.861155","2022-07-19T21:26:21.250241"
"62d7217edb52de3af9dc51d5",9,4,1,2,3,"2022-07-19T21:26:21.257948","2022-07-19T21:26:22.097425","2022-07-19T21:26:23.627121"
"62d72180db52de3af9dc51da",11,5,1,2,2,"2022-07-19T21:26:23.633179","2022-07-19T21:26:24.565614","2022-07-19T21:26:25.518688"
"62d72182db52de3af9dc51de",11,5,1,2,2,"2022-07-19T21:26:25.526948","2022-07-19T21:26:26.388219","2022-07-19T21:26:27.317791"
"62d72184db52de3af9dc51e2",9,4,1,2,2,"2022-07-19T21:26:27.326393","2022-07-19T21:26:28.196658","2022-07-19T21:26:29.206809"
"62d72186db52de3af9dc51e6",9,4,1,2,3,"2022-07-19T21:26:29.215457","2022-07-19T21:26:30.426284","2022-07-19T21:26:31.845138"
"62d72188db52de3af9dc51eb",6,2,1,2,2,"2022-07-19T21:26:31.853572","2022-07-19T21:26:32.805964","2022-07-19T21:26:33.731601"
"62d7218adb52de3af9dc51ef",7,3,1,2,3,"2022-07-19T21:26:33.737401","2022-07-19T21:26:34.623710","2022-07-19T21:26:36.128280"
"62d7218cdb52de3af9dc51f4",8,4,1,2,3,"2022-07-19T21:26:36.136971","2022-07-19T21:26:37.001011","2022-07-19T21:26:38.421087"
"62d7218fdb52de3af9dc51f9",11,5,1,2,3,"2022-07-19T21:26:38.430791","2022-07-19T21:26:39.287794","2022-07-19T21:26:40.648073"
"62d72191db52de3af9dc51fe",5,2,1,2,4,"2022-07-19T21:26:40.655704","2022-07-19T21:26:41.527219","2022-07-19T21:26:43.229475"
"62d72194db52de3af9dc5204",11,5,1,2,2,"2022-07-19T21:26:43.236667","2022-07-19T21:26:44.126233","2022-07-19T21:26:45.048433"
"62d72195db52de3af9dc5208",10,5,1,2,3,"2022-07-19T21:26:45.054732","2022-07-19T21:26:45.909064","2022-07-19T21:26:47.206321"
"62d72198db52de3af9dc520d",8,4,1,2,3,"2022-07-19T21:26:47.215482","2022-07-19T21:26:48.087683","2022-07-19T21:26:49.450363"
"62d7219adb52de3af9dc5212",7,4,1,2,3,"2022-07-19T21:26:49.456267","2022-07-19T21:26:50.318133","2022-07-19T21:26:51.569527"
"62d7219cdb52de3af9dc5217",6,2,1,2,2,"2022-07-19T21:26:51.577583","2022-07-19T21:26:52.805970","2022-07-19T21:26:53.713605"
"62d7219edb52de3af9dc521b",6,3,1,2,4,"2022-07-19T21:26:53.719243","2022-07-19T21:26:54.587263","2022-07-19T21:26:56.369859"
"62d721a1db52de3af9dc5221",7,2,1,2,3,"2022-07-19T21:26:56.378020","2022-07-19T21:26:57.286825","2022-07-19T21:26:58.550074"
"62d721a3db52de3af9dc5226",9,5,1,2,2,"2022-07-19T21:26:58.559122","2022-07-19T21:26:59.452613","2022-07-19T21:27:00.291427"
"62d7251406bc2b5a497f4938",8,3,1,1,3,"2022-07-19T21:41:37.076956","2022-07-19T21:41:40.379348","2022-07-19T21:41:41.658401"
"62d7251606bc2b5a497f493d",9,5,1,1,3,"2022-07-19T21:41:41.665541","2022-07-19T21:41:42.537075","2022-07-19T21:41:43.643134"
"62d725c106bc2b5a497f4942",9,4,1,1,3,"2022-07-19T21:44:33.122939","2022-07-19T21:44:34.016788","2022-07-19T21:44:35.314711"
"62d725c406bc2b5a497f4947",10,3,1,1,2,"2022-07-19T21:44:35.325313","2022-07-19T21:44:36.159421","2022-07-19T21:44:38.855765"
"62d725c706bc2b5a497f494b",7,3,1,1,3,"2022-07-19T21:44:38.863490","2022-07-19T21:44:39.718898","2022-07-19T21:44:41.097160"
"62d725ca06bc2b5a497f4950",8,4,1,1,3,"2022-07-19T21:44:41.104100","2022-07-19T21:44:42.188985","2022-07-19T21:44:43.605275"
"62d725cc06bc2b5a497f4955",8,2,1,1,2,"2022-07-19T21:44:43.613933","2022-07-19T21:44:44.385988","2022-07-19T21:44:45.090702"
"62d725cd06bc2b5a497f4959",20,8,1,1,1,"2022-07-19T21:44:45.098229","2022-07-19T21:44:45.877036","2022-07-19T21:44:46.226398"
"62d725ce06bc2b5a497f495c",13,5,1,1,2,"2022-07-19T21:44:46.235939","2022-07-19T21:44:47.028069","2022-07-19T21:44:47.796815"
"62d725d006bc2b5a497f4960",13,5,1,1,2,"2022-07-19T21:44:47.807348","2022-07-19T21:44:49.007759","2022-07-19T21:44:49.793376"
"62d725d206bc2b5a497f4964",5,3,1,1,4,"2022-07-19T21:44:49.799049","2022-07-19T21:44:50.637341","2022-07-19T21:44:52.162882"
"62d725d406bc2b5a497f496a",13,6,1,1,2,"2022-07-19T21:44:52.169080","2022-07-19T21:44:52.987783","2022-07-19T21:44:53.819349"
"62d725d606bc2b5a497f496e",7,4,1,1,3,"2022-07-19T21:44:53.827617","2022-07-19T21:44:54.668945","2022-07-19T21:44:55.857228"
"62d725d806bc2b5a497f4973",7,3,1,1,3,"2022-07-19T21:44:55.866049","2022-07-19T21:44:56.686214","2022-07-19T21:44:58.025932"
"62d725da06bc2b5a497f4978",11,5,1,1,2,"2022-07-19T21:44:58.033423","2022-07-19T21:44:58.879485","2022-07-19T21:44:59.708938"
"62d725dc06bc2b5a497f497c",12,6,1,1,2,"2022-07-19T21:44:59.715808","2022-07-19T21:45:00.598191","2022-07-19T21:45:01.379114"
"62d725de06bc2b5a497f4980",7,3,1,1,3,"2022-07-19T21:45:01.387348","2022-07-19T21:45:02.479941","2022-07-19T21:45:03.849705"
"62d725e006bc2b5a497f4985",8,4,1,1,3,"2022-07-19T21:45:03.856865","2022-07-19T21:45:04.718299","2022-07-19T21:45:06.038269"
"62d725e306bc2b5a497f498a",7,3,1,1,3,"2022-07-19T21:45:06.044846","2022-07-19T21:45:07.227724","2022-07-19T21:45:08.579634"
"62d725e506bc2b5a497f498f",7,3,1,1,4,"2022-07-19T21:45:08.587787","2022-07-19T21:45:09.461382","2022-07-19T21:45:11.145204"
"62d725e706bc2b5a497f4995",8,3,1,1,2,"2022-07-19T21:45:11.150889","2022-07-19T21:45:12.007771","2022-07-19T21:45:12.915267"
"62d725e906bc2b5a497f4999",7,2,1,1,3,"2022-07-19T21:45:12.922395","2022-07-19T21:45:13.746671","2022-07-19T21:45:14.808832"
"62d725eb06bc2b5a497f499e",7,3,1,1,3,"2022-07-19T21:45:14.816390","2022-07-19T21:45:15.639418","2022-07-19T21:45:16.956445"
"62d725ed06bc2b5a497f49a3",7,4,1,1,3,"2022-07-19T21:45:16.963542","2022-07-19T21:45:17.839171","2022-07-19T21:45:19.169152"
"62d725f006bc2b5a497f49a8",10,4,1,1,2,"2022-07-19T21:45:19.175479","2022-07-19T21:45:20.042985","2022-07-19T21:45:20.940074"
"62d725f106bc2b5a497f49ac",10,5,1,1,3,"2022-07-19T21:45:20.947287","2022-07-19T21:45:21.866484","2022-07-19T21:45:23.108885"
"62d725f306bc2b5a497f49b1",10,5,1,1,3,"2022-07-19T21:45:23.119220","2022-07-19T21:45:23.978500","2022-07-19T21:45:25.504166"
"62d725f606bc2b5a497f49b6",7,4,1,1,3,"2022-07-19T21:45:25.510088","2022-07-19T21:45:26.357919","2022-07-19T21:45:27.509444"
"62d725f806bc2b5a497f49bb",7,3,1,1,3,"2022-07-19T21:45:27.516828","2022-07-19T21:45:28.318958","2022-07-19T21:45:29.591531"
"62d725fa06bc2b5a497f49c0",11,4,1,1,2,"2022-07-19T21:45:29.598727","2022-07-19T21:45:30.457484","2022-07-19T21:45:31.234377"
"62d725fc06bc2b5a497f49c4",14,7,1,1,2,"2022-07-19T21:45:31.243435","2022-07-19T21:45:32.107239","2022-07-19T21:45:32.815098"
"62d725fd06bc2b5a497f49c8",10,4,1,1,2,"2022-07-19T21:45:32.822231","2022-07-19T21:45:33.678851","2022-07-19T21:45:34.559618"
"62d725ff06bc2b5a497f49cc",4,2,1,1,3,"2022-07-19T21:45:34.566624","2022-07-19T21:45:35.397753","2022-07-19T21:45:36.476894"
"62d7260106bc2b5a497f49d1",12,6,1,1,3,"2022-07-19T21:45:36.482573","2022-07-19T21:45:37.317574","2022-07-19T21:45:38.435589"
"62d7260306bc2b5a497f49d6",8,3,1,1,3,"2022-07-19T21:45:38.443295","2022-07-19T21:45:39.319062","2022-07-19T21:45:40.660437"
"62d7260506bc2b5a497f49db",7,4,1,1,2,"2022-07-19T21:45:40.667826","2022-07-19T21:45:41.849360","2022-07-19T21:45:42.674066"
"62d7260706bc2b5a497f49df",13,7,1,1,2,"2022-07-19T21:45:42.681258","2022-07-19T21:45:43.559247","2022-07-19T21:45:44.285367"
"62d7260906bc2b5a497f49e3",8,3,1,1,3,"2022-07-19T21:45:44.293218","2022-07-19T21:45:45.167568","2022-07-19T21:45:46.429011"
"62d7260b06bc2b5a497f49e8",8,4,1,1,4,"2022-07-19T21:45:46.437903","2022-07-19T21:45:47.280096","2022-07-19T21:45:48.929635"
"62d7260d06bc2b5a497f49ee",9,4,1,1,3,"2022-07-19T21:45:48.935822","2022-07-19T21:45:49.808462","2022-07-19T21:45:51.170106"
"62d7260f06bc2b5a497f49f3",7,4,1,1,2,"2022-07-19T21:45:51.176950","2022-07-19T21:45:52.037798","2022-07-19T21:45:52.830279"
"62d7261106bc2b5a497f49f7",9,5,1,1,3,"2022-07-19T21:45:52.837224","2022-07-19T21:45:53.739003","2022-07-19T21:45:54.878072"
"62d7261306bc2b5a497f49fc",8,3,1,1,3,"2022-07-19T21:45:54.885536","2022-07-19T21:45:55.748687","2022-07-19T21:45:56.890807"
"62d7261506bc2b5a497f4a01",11,7,1,1,2,"2022-07-19T21:45:56.897880","2022-07-19T21:45:57.768588","2022-07-19T21:45:58.838233"
"62d7261706bc2b5a497f4a05",7,3,1,1,3,"2022-07-19T21:45:58.847634","2022-07-19T21:45:59.700224","2022-07-19T21:46:01.016170"
"62d7261906bc2b5a497f4a0a",6,4,1,1,2,"2022-07-19T21:46:01.023029","2022-07-19T21:46:01.914817","2022-07-19T21:46:02.633228"
"62d7261b06bc2b5a497f4a0e",6,1,1,1,2,"2022-07-19T21:46:02.651992","2022-07-19T21:46:03.582382","2022-07-19T21:46:04.340941"
"62d7261d06bc2b5a497f4a12",7,2,1,1,3,"2022-07-19T21:46:04.347640","2022-07-19T21:46:05.220387","2022-07-19T21:46:06.338419"
"62d7261f06bc2b5a497f4a17",6,2,1,1,3,"2022-07-19T21:46:06.344685","2022-07-19T21:46:07.256793","2022-07-19T21:46:08.452648"
"62d7262106bc2b5a497f4a1c",7,3,1,1,3,"2022-07-19T21:46:08.460922","2022-07-19T21:46:09.336622","2022-07-19T21:46:10.680955"
"62d7262306bc2b5a497f4a21",6,3,1,1,2,"2022-07-19T21:46:10.687193","2022-07-19T21:46:11.579186","2022-07-19T21:46:12.515978"
"62d7262506bc2b5a497f4a25",10,4,1,1,3,"2022-07-19T21:46:12.522029","2022-07-19T21:46:13.407753","2022-07-19T21:46:14.671954"
"62d7262706bc2b5a497f4a2a",9,4,1,1,2,"2022-07-19T21:46:14.679737","2022-07-19T21:46:15.938345","2022-07-19T21:46:16.918979"
"62d7262a06bc2b5a497f4a2e",10,4,1,1,3,"2022-07-19T21:46:16.926318","2022-07-19T21:46:18.138673","2022-07-19T21:46:19.421443"
"62d7262c06bc2b5a497f4a33",6,2,1,1,5,"2022-07-19T21:46:19.428079","2022-07-19T21:46:20.338148","2022-07-19T21:46:22.512086"
"62d7262f06bc2b5a497f4a3a",8,3,1,1,3,"2022-07-19T21:46:22.522723","2022-07-19T21:46:23.428859","2022-07-19T21:46:24.738698"
"62d7263106bc2b5a497f4a3f",7,4,1,1,3,"2022-07-19T21:46:24.746580","2022-07-19T21:46:25.661232","2022-07-19T21:46:26.869174"
"62d7263306bc2b5a497f4a44",6,3,1,1,2,"2022-07-19T21:46:26.876913","2022-07-19T21:46:27.769144","2022-07-19T21:46:28.871061"
"62d7263506bc2b5a497f4a48",13,6,1,1,2,"2022-07-19T21:46:28.879476","2022-07-19T21:46:29.764104","2022-07-19T21:46:30.552032"
"62d7263706bc2b5a497f4a4c",6,3,1,1,4,"2022-07-19T21:46:30.560455","2022-07-19T21:46:31.457329","2022-07-19T21:46:33.015446"
"62d7263a06bc2b5a497f4a52",9,4,1,1,2,"2022-07-19T21:46:33.023169","2022-07-19T21:46:34.279351","2022-07-19T21:46:35.258087"
"62d7263c06bc2b5a497f4a56",11,4,1,1,2,"2022-07-19T21:46:35.266188","2022-07-19T21:46:36.162807","2022-07-19T21:46:36.954474"
"62d7263d06bc2b5a497f4a5a",6,3,1,1,3,"2022-07-19T21:46:36.962770","2022-07-19T21:46:37.867938","2022-07-19T21:46:39.145741"
"62d7264006bc2b5a497f4a5f",10,4,1,1,3,"2022-07-19T21:46:39.151482","2022-07-19T21:46:40.047574","2022-07-19T21:46:41.321844"
"62d7264206bc2b5a497f4a64",9,4,1,1,2,"2022-07-19T21:46:41.329957","2022-07-19T21:46:42.228805","2022-07-19T21:46:43.190340"
"62d7264406bc2b5a497f4a68",10,5,1,1,2,"2022-07-19T21:46:43.197884","2022-07-19T21:46:44.118204","2022-07-19T21:46:45.010022"
"62d7264506bc2b5a497f4a6c",11,6,1,1,1,"2022-07-19T21:46:45.017310","2022-07-19T21:46:45.901727","2022-07-19T21:46:46.306730"
"62d7264706bc2b5a497f4a6f",9,4,1,1,2,"2022-07-19T21:46:46.313468","2022-07-19T21:46:47.240937","2022-07-19T21:46:48.215105"
"62d7264906bc2b5a497f4a73",8,3,1,1,2,"2022-07-19T21:46:48.224990","2022-07-19T21:46:49.519964","2022-07-19T21:46:50.440697"
"62d7264b06bc2b5a497f4a77",8,3,1,1,3,"2022-07-19T21:46:50.447899","2022-07-19T21:46:51.349028","2022-07-19T21:46:52.556066"
"62d7264d06bc2b5a497f4a7c",6,3,1,1,3,"2022-07-19T21:46:52.565607","2022-07-19T21:46:53.436670","2022-07-19T21:46:54.676392"
"62d7264f06bc2b5a497f4a81",5,2,1,1,4,"2022-07-19T21:46:54.684192","2022-07-19T21:46:55.598034","2022-07-19T21:46:57.202019"
"62d7265206bc2b5a497f4a87",6,2,1,1,3,"2022-07-19T21:46:57.208384","2022-07-19T21:46:58.119607","2022-07-19T21:46:59.301351"
"62d7265406bc2b5a497f4a8c",10,5,1,1,2,"2022-07-19T21:46:59.309461","2022-07-19T21:47:00.238965","2022-07-19T21:47:01.091232"
"62d7265506bc2b5a497f4a90",6,3,1,1,4,"2022-07-19T21:47:01.097112","2022-07-19T21:47:01.981901","2022-07-19T21:47:03.602011"
"62d7265806bc2b5a497f4a96",5,2,1,1,4,"2022-07-19T21:47:03.609184","2022-07-19T21:47:04.889541","2022-07-19T21:47:06.556799"
"62d7265b06bc2b5a497f4a9c",13,6,1,1,2,"2022-07-19T21:47:06.564491","2022-07-19T21:47:07.517690","2022-07-19T21:47:08.338471"
"62d7265d06bc2b5a497f4aa0",9,4,1,1,2,"2022-07-19T21:47:08.349454","2022-07-19T21:47:09.264209","2022-07-19T21:47:10.257504"
"62d7265f06bc2b5a497f4aa4",6,3,1,1,4,"2022-07-19T21:47:10.263252","2022-07-19T21:47:11.169039","2022-07-19T21:47:12.777483"
"62d7266106bc2b5a497f4aaa",13,6,1,1,2,"2022-07-19T21:47:12.785013","2022-07-19T21:47:13.699262","2022-07-19T21:47:14.500116"
"62d7266306bc2b5a497f4aae",11,5,1,1,2,"2022-07-19T21:47:14.509435","2022-07-19T21:47:15.422626","2022-07-19T21:47:16.308604"
"62d7266506bc2b5a497f4ab2",12,5,1,1,2,"2022-07-19T21:47:16.315936","2022-07-19T21:47:17.243497","2022-07-19T21:47:18.060206"
"62d7266706bc2b5a497f4ab6",4,2,1,1,4,"2022-07-19T21:47:18.068397","2022-07-19T21:47:19.058784","2022-07-19T21:47:20.649855"
"62d7266906bc2b5a497f4abc",7,4,1,1,3,"2022-07-19T21:47:20.656189","2022-07-19T21:47:22.059353","2022-07-19T21:47:23.327540"
"62d7266c06bc2b5a497f4ac1",8,4,1,1,3,"2022-07-19T21:47:23.337956","2022-07-19T21:47:24.245462","2022-07-19T21:47:25.659852"
"62d7266e06bc2b5a497f4ac6",12,5,1,1,2,"2022-07-19T21:47:25.665790","2022-07-19T21:47:26.581544","2022-07-19T21:47:27.405565"
"62d7267006bc2b5a497f4aca",6,3,1,1,2,"2022-07-19T21:47:27.413378","2022-07-19T21:47:28.296860","2022-07-19T21:47:29.219703"
"62d7267206bc2b5a497f4ace",10,4,1,1,2,"2022-07-19T21:47:29.228070","2022-07-19T21:47:30.139401","2022-07-19T21:47:31.076283"
"62d7267306bc2b5a497f4ad2",12,5,1,1,3,"2022-07-19T21:47:31.086069","2022-07-19T21:47:32.009435","2022-07-19T21:47:33.251245"
"62d7267606bc2b5a497f4ad7",5,2,1,1,5,"2022-07-19T21:47:33.259619","2022-07-19T21:47:34.229998","2022-07-19T21:47:36.266045"
"62d7267906bc2b5a497f4ade",8,4,1,1,2,"2022-07-19T21:47:36.274278","2022-07-19T21:47:37.228185","2022-07-19T21:47:38.144736"
"62d7267b06bc2b5a497f4ae2",7,2,1,1,2,"2022-07-19T21:47:38.151465","2022-07-19T21:47:39.409541","2022-07-19T21:47:40.159544"
"62d7267d06bc2b5a497f4ae6",8,4,1,1,3,"2022-07-19T21:47:40.166503","2022-07-19T21:47:41.098423","2022-07-19T21:47:42.384352"
"62d7267f06bc2b5a497f4aeb",13,6,1,1,2,"2022-07-19T21:47:42.390429","2022-07-19T21:47:43.319858","2022-07-19T21:47:44.108761"
"62d7268006bc2b5a497f4aef",7,3,1,1,3,"2022-07-19T21:47:44.116327","2022-07-19T21:47:45.044106","2022-07-19T21:47:46.407344"
"62d7268306bc2b5a497f4af4",7,3,1,1,3,"2022-07-19T21:47:46.414553","2022-07-19T21:47:47.365761","2022-07-19T21:47:48.712610"
"62d7268506bc2b5a497f4af9",4,1,1,1,3,"2022-07-19T21:47:48.719616","2022-07-19T21:47:49.638102","2022-07-19T21:47:50.838435"
"62d7268706bc2b5a497f4afe",9,4,1,1,2,"2022-07-19T21:47:50.846","2022-07-19T21:47:51.808572","2022-07-19T21:47:52.798682"
"62d7268a06bc2b5a497f4b02",13,6,1,1,2,"2022-07-19T21:47:52.805840","2022-07-19T21:47:54.150028","2022-07-19T21:47:54.962046"
"62d7268b06bc2b5a497f4b06",8,3,1,1,3,"2022-07-19T21:47:54.969470","2022-07-19T21:47:55.889192","2022-07-19T21:47:57.343985"
"62d7268e06bc2b5a497f4b0b",8,4,1,1,3,"2022-07-19T21:47:57.355498","2022-07-19T21:47:58.320002","2022-07-19T21:47:59.601236"
"62d7269006bc2b5a497f4b10",7,4,1,1,2,"2022-07-19T21:47:59.607796","2022-07-19T21:48:00.520928","2022-07-19T21:48:01.353979"
"62d7269206bc2b5a497f4b14",8,4,1,1,5,"2022-07-19T21:48:01.364680","2022-07-19T21:48:02.309845","2022-07-19T21:48:04.412328"
"62d7269506bc2b5a497f4b1b",12,5,1,1,2,"2022-07-19T21:48:04.418245","2022-07-19T21:48:05.341125","2022-07-19T21:48:06.183891"
"62d7269706bc2b5a497f4b1f",6,3,1,1,3,"2022-07-19T21:48:06.192991","2022-07-19T21:48:07.160309","2022-07-19T21:48:08.395120"
"62d7269906bc2b5a497f4b24",10,4,1,1,3,"2022-07-19T21:48:08.401661","2022-07-19T21:48:09.692540","2022-07-19T21:48:10.930417"
"62d7269b06bc2b5a497f4b29",8,3,1,1,2,"2022-07-19T21:48:10.937237","2022-07-19T21:48:11.860469","2022-07-19T21:48:12.784202"
"62d7269d06bc2b5a497f4b2d",9,4,1,1,2,"2022-07-19T21:48:12.792301","2022-07-19T21:48:13.720775","2022-07-19T21:48:14.683674"
"62d7269f06bc2b5a497f4b31",15,6,1,1,2,"2022-07-19T21:48:14.691223","2022-07-19T21:48:15.640061","2022-07-19T21:48:16.358623"
"62d726a106bc2b5a497f4b35",7,3,1,1,3,"2022-07-19T21:48:16.365650","2022-07-19T21:48:17.289500","2022-07-19T21:48:18.598726"
"62d726a306bc2b5a497f4b3a",13,6,1,1,2,"2022-07-19T21:48:18.607081","2022-07-19T21:48:19.599613","2022-07-19T21:48:20.390980"
"62d726a506bc2b5a497f4b3e",5,2,1,1,5,"2022-07-19T21:48:20.399185","2022-07-19T21:48:21.481118","2022-07-19T21:48:23.496605"
"62d726a806bc2b5a497f4b45",10,5,1,1,2,"2022-07-19T21:48:23.504077","2022-07-19T21:48:24.498493","2022-07-19T21:48:25.322655"
"62d726aa06bc2b5a497f4b49",12,6,1,1,2,"2022-07-19T21:48:25.329323","2022-07-19T21:48:26.660911","2022-07-19T21:48:27.454206"
"62d726ac06bc2b5a497f4b4d",5,3,1,1,5,"2022-07-19T21:48:27.460707","2022-07-19T21:48:28.374016","2022-07-19T21:48:30.211090"
"62d726af06bc2b5a497f4b54",8,3,1,1,2,"2022-07-19T21:48:30.217920","2022-07-19T21:48:31.125613","2022-07-19T21:48:32.008388"
"62d726b006bc2b5a497f4b58",5,1,1,1,2,"2022-07-19T21:48:32.015104","2022-07-19T21:48:32.961009","2022-07-19T21:48:33.770919"
"62d726b206bc2b5a497f4b5c",12,5,1,1,2,"2022-07-19T21:48:33.778008","2022-07-19T21:48:34.881660","2022-07-19T21:48:35.694817"
"62d726b406bc2b5a497f4b60",7,3,1,1,3,"2022-07-19T21:48:35.701907","2022-07-19T21:48:36.610736","2022-07-19T21:48:37.930931"
"62d726b606bc2b5a497f4b65",11,2,1,1,2,"2022-07-19T21:48:37.938229","2022-07-19T21:48:38.921832","2022-07-19T21:48:39.661669"
"62d726b806bc2b5a497f4b69",11,5,1,1,2,"2022-07-19T21:48:39.669626","2022-07-19T21:48:40.968553","2022-07-19T21:48:41.813497"
"62d726ba06bc2b5a497f4b6d",17,9,1,1,2,"2022-07-19T21:48:41.819822","2022-07-19T21:48:42.742379","2022-07-19T21:48:43.527250"
"62d726bc06bc2b5a497f4b71",16,5,1,1,2,"2022-07-19T21:48:43.535455","2022-07-19T21:48:44.479103","2022-07-19T21:48:45.203297"
"62d726be06bc2b5a497f4b75",12,5,1,1,3,"2022-07-19T21:48:45.209788","2022-07-19T21:48:46.160640","2022-07-19T21:48:47.359755"
"62d726c006bc2b5a497f4b7a",8,4,1,1,3,"2022-07-19T21:48:47.366752","2022-07-19T21:48:48.309617","2022-07-19T21:48:49.581902"
"62d726c206bc2b5a497f4b7f",11,5,1,1,2,"2022-07-19T21:48:49.592440","2022-07-19T21:48:50.538255","2022-07-19T21:48:51.420471"
"62d726c406bc2b5a497f4b83",8,4,1,1,4,"2022-07-19T21:48:51.427229","2022-07-19T21:48:52.388866","2022-07-19T21:48:54.019121"
"62d726c706bc2b5a497f4b89",7,2,1,1,3,"2022-07-19T21:48:54.028663","2022-07-19T21:48:55.302156","2022-07-19T21:48:56.442852"
"62d726c906bc2b5a497f4b8e",8,4,1,1,2,"2022-07-19T21:48:56.449831","2022-07-19T21:48:57.361425","2022-07-19T21:48:58.283471"
"62d726cb06bc2b5a497f4b92",8,3,1,1,3,"2022-07-19T21:48:58.290185","2022-07-19T21:48:59.430589","2022-07-19T21:49:02.580102"
"62d726cf06bc2b5a497f4b97",4,2,1,1,3,"2022-07-19T21:49:02.587664","2022-07-19T21:49:03.523070","2022-07-19T21:49:04.740725"
"62d726d106bc2b5a497f4b9c",9,4,1,1,2,"2022-07-19T21:49:04.750546","2022-07-19T21:49:05.721170","2022-07-19T21:49:06.751883"
"62d726d306bc2b5a497f4ba0",8,4,1,1,3,"2022-07-19T21:49:06.758671","2022-07-19T21:49:07.700465","2022-07-19T21:49:08.947738"
"62d726d506bc2b5a497f4ba5",9,4,1,1,2,"2022-07-19T21:49:08.953804","2022-07-19T21:49:09.880991","2022-07-19T21:49:10.859037"
"62d726d806bc2b5a497f4ba9",10,4,1,1,2,"2022-07-19T21:49:10.865057","2022-07-19T21:49:12.181124","2022-07-19T21:49:13.052453"
"62d726da06bc2b5a497f4bad",8,4,1,1,2,"2022-07-19T21:49:13.059430","2022-07-19T21:49:14.111156","2022-07-19T21:49:15.053551"
"62d726db06bc2b5a497f4bb1",9,4,1,1,3,"2022-07-19T21:49:15.060667","2022-07-19T21:49:16.023302","2022-07-19T21:49:17.374289"
"62d726de06bc2b5a497f4bb6",11,6,1,1,2,"2022-07-19T21:49:17.383663","2022-07-19T21:49:18.532429","2022-07-19T21:49:19.327044"
"62d726e006bc2b5a497f4bba",10,4,1,1,3,"2022-07-19T21:49:19.333386","2022-07-19T21:49:20.383329","2022-07-19T21:49:21.749202"
"62d726e206bc2b5a497f4bbf",6,2,1,1,3,"2022-07-19T21:49:21.755067","2022-07-19T21:49:22.698475","2022-07-19T21:49:23.881232"
"62d726e406bc2b5a497f4bc4",7,3,1,1,3,"2022-07-19T21:49:23.889480","2022-07-19T21:49:24.845763","2022-07-19T21:49:26.163160"
"62d726e706bc2b5a497f4bc9",6,3,1,1,3,"2022-07-19T21:49:26.169035","2022-07-19T21:49:27.450277","2022-07-19T21:49:28.735136"
"62d726e906bc2b5a497f4bce",7,3,1,1,3,"2022-07-19T21:49:28.741438","2022-07-19T21:49:29.721474","2022-07-19T21:49:31.145429"
"62d726ec06bc2b5a497f4bd3",7,3,1,1,3,"2022-07-19T21:49:31.156622","2022-07-19T21:49:32.151425","2022-07-19T21:49:33.744888"
"62d726ee06bc2b5a497f4bd8",6,2,1,1,4,"2022-07-19T21:49:33.753581","2022-07-19T21:49:34.821970","2022-07-19T21:49:36.384350"
"62d726f106bc2b5a497f4bde",14,8,1,1,2,"2022-07-19T21:49:36.394653","2022-07-19T21:49:37.411205","2022-07-19T21:49:38.162692"
"62d726f306bc2b5a497f4be2",9,5,1,1,3,"2022-07-19T21:49:38.170807","2022-07-19T21:49:39.143307","2022-07-19T21:49:40.346459"
"62d726f506bc2b5a497f4be7",12,4,1,1,2,"2022-07-19T21:49:40.352727","2022-07-19T21:49:41.698687","2022-07-19T21:49:42.477675"
"62d726f706bc2b5a497f4beb",5,3,1,1,3,"2022-07-19T21:49:42.488627","2022-07-19T21:49:43.499552","2022-07-19T21:49:44.703277"
"62d726f906bc2b5a497f4bf0",8,3,1,1,3,"2022-07-19T21:49:44.710189","2022-07-19T21:49:45.742248","2022-07-19T21:49:47.021185"
"62d726fb06bc2b5a497f4bf5",6,3,1,1,3,"2022-07-19T21:49:47.028355","2022-07-19T21:49:48.021334","2022-07-19T21:49:49.262743"
"62d726fe06bc2b5a497f4bfa",6,3,1,1,3,"2022-07-19T21:49:49.270553","2022-07-19T21:49:50.261614","2022-07-19T21:49:51.571839"
"62d7270006bc2b5a497f4bff",6,2,1,1,3,"2022-07-19T21:49:51.578378","2022-07-19T21:49:52.534598","2022-07-19T21:49:53.728997"
"62d7270206bc2b5a497f4c04",10,5,1,1,2,"2022-07-19T21:49:53.734953","2022-07-19T21:49:54.719858","2022-07-19T21:49:55.612036"
"62d7270406bc2b5a497f4c08",7,3,1,1,3,"2022-07-19T21:49:55.619089","2022-07-19T21:49:56.971677","2022-07-19T21:49:58.341780"
"62d7270706bc2b5a497f4c0d",11,5,1,1,3,"2022-07-19T21:49:58.348511","2022-07-19T21:49:59.322765","2022-07-19T21:50:00.521469"
"62d7270906bc2b5a497f4c12",11,5,1,1,3,"2022-07-19T21:50:00.528469","2022-07-19T21:50:01.542077","2022-07-19T21:50:02.779769"
"62d7270b06bc2b5a497f4c17",8,4,1,1,4,"2022-07-19T21:50:02.785657","2022-07-19T21:50:03.782104","2022-07-19T21:50:05.429901"
"62d7270e06bc2b5a497f4c1d",10,4,1,1,2,"2022-07-19T21:50:05.436678","2022-07-19T21:50:06.411303","2022-07-19T21:50:07.322632"
"62d7271006bc2b5a497f4c21",6,3,1,1,3,"2022-07-19T21:50:07.329110","2022-07-19T21:50:08.290043","2022-07-19T21:50:09.542477"
"62d7271206bc2b5a497f4c26",6,2,1,1,3,"2022-07-19T21:50:09.549020","2022-07-19T21:50:10.889714","2022-07-19T21:50:12.167085"
"62d7271506bc2b5a497f4c2b",7,4,1,1,3,"2022-07-19T21:50:12.174111","2022-07-19T21:50:13.150294","2022-07-19T21:50:14.394682"
"62d7271706bc2b5a497f4c30",8,3,1,1,2,"2022-07-19T21:50:14.402083","2022-07-19T21:50:15.425166","2022-07-19T21:50:16.354173"
"62d7271906bc2b5a497f4c34",12,6,1,1,2,"2022-07-19T21:50:16.360340","2022-07-19T21:50:17.412802","2022-07-19T21:50:18.222777"
"62d7271b06bc2b5a497f4c38",7,3,1,1,3,"2022-07-19T21:50:18.228637","2022-07-19T21:50:19.242931","2022-07-19T21:50:20.804187"
"62d7271d06bc2b5a497f4c3d",8,4,1,1,2,"2022-07-19T21:50:20.812603","2022-07-19T21:50:21.834372","2022-07-19T21:50:22.743777"
"62d7271f06bc2b5a497f4c41",11,4,1,1,2,"2022-07-19T21:50:22.752066","2022-07-19T21:50:23.761782","2022-07-19T21:50:24.546583"
"62d7272106bc2b5a497f4c45",13,7,1,1,2,"2022-07-19T21:50:24.552855","2022-07-19T21:50:25.899611","2022-07-19T21:50:26.635140"
"62d7272306bc2b5a497f4c49",11,5,1,1,2,"2022-07-19T21:50:26.640906","2022-07-19T21:50:27.603119","2022-07-19T21:50:28.440360"
"62d7272506bc2b5a497f4c4d",9,4,1,1,5,"2022-07-19T21:50:28.447245","2022-07-19T21:50:29.441199","2022-07-19T21:50:31.451181"
"62d7272806bc2b5a497f4c54",10,5,1,1,2,"2022-07-19T21:50:31.459343","2022-07-19T21:50:32.480770","2022-07-19T21:50:33.341408"
"62d7272a06bc2b5a497f4c58",8,4,1,1,3,"2022-07-19T21:50:33.348130","2022-07-19T21:50:34.371962","2022-07-19T21:50:35.720235"
"62d7272c06bc2b5a497f4c5d",7,4,1,1,2,"2022-07-19T21:50:35.727292","2022-07-19T21:50:36.723456","2022-07-19T21:50:37.521216"
"62d7272e06bc2b5a497f4c61",9,4,1,1,2,"2022-07-19T21:50:37.528351","2022-07-19T21:50:38.491286","2022-07-19T21:50:39.853444"
"62d7273006bc2b5a497f4c65",8,3,1,1,3,"2022-07-19T21:50:39.860207","2022-07-19T21:50:40.862069","2022-07-19T21:50:42.154824"
"62d7273306bc2b5a497f4c6a",11,5,1,1,2,"2022-07-19T21:50:42.162618","2022-07-19T21:50:43.140761","2022-07-19T21:50:43.957017"
"62d7273406bc2b5a497f4c6e",11,5,1,1,3,"2022-07-19T21:50:43.964188","2022-07-19T21:50:44.963201","2022-07-19T21:50:46.143028"
"62d7273706bc2b5a497f4c73",10,4,1,1,3,"2022-07-19T21:50:46.149840","2022-07-19T21:50:47.160440","2022-07-19T21:50:48.411463"
"62d7273906bc2b5a497f4c78",6,3,1,1,3,"2022-07-19T21:50:48.419699","2022-07-19T21:50:49.402313","2022-07-19T21:50:50.720236"
"62d7273b06bc2b5a497f4c7d",10,5,1,1,2,"2022-07-19T21:50:50.727808","2022-07-19T21:50:51.704085","2022-07-19T21:50:52.560640"
"62d7273d06bc2b5a497f4c81",4,2,1,1,3,"2022-07-19T21:50:52.568537","2022-07-19T21:50:53.932148","2022-07-19T21:50:55.120633"
"62d7274006bc2b5a497f4c86",15,8,1,1,2,"2022-07-19T21:50:55.126666","2022-07-19T21:50:56.161549","2022-07-19T21:50:56.901989"
"62d7274106bc2b5a497f4c8a",7,3,1,1,3,"2022-07-19T21:50:56.908082","2022-07-19T21:50:57.890234","2022-07-19T21:50:59.235072"
"62d7274406bc2b5a497f4c8f",5,2,1,1,3,"2022-07-19T21:50:59.241977","2022-07-19T21:51:00.261950","2022-07-19T21:51:01.550781"
"62d7274606bc2b5a497f4c94",10,5,1,1,2,"2022-07-19T21:51:01.558835","2022-07-19T21:51:02.583543","2022-07-19T21:51:03.494604"
"62d7274806bc2b5a497f4c98",9,4,1,1,3,"2022-07-19T21:51:03.502487","2022-07-19T21:51:04.483361","2022-07-19T21:51:05.850757"
"62d7274b06bc2b5a497f4c9d",9,3,1,1,2,"2022-07-19T21:51:05.869416","2022-07-19T21:51:07.269329","2022-07-19T21:51:08.143972"
"62d7274d06bc2b5a497f4ca1",11,6,1,1,3,"2022-07-19T21:51:08.152288","2022-07-19T21:51:09.171471","2022-07-19T21:51:10.362532"
"62d7274f06bc2b5a497f4ca6",8,4,1,1,3,"2022-07-19T21:51:10.370600","2022-07-19T21:51:11.381388","2022-07-19T21:51:12.769874"
"62d7275106bc2b5a497f4cab",8,3,1,1,3,"2022-07-19T21:51:12.776634","2022-07-19T21:51:13.803068","2022-07-19T21:51:15.327048"
"62d7275406bc2b5a497f4cb0",9,4,1,1,3,"2022-07-19T21:51:15.335346","2022-07-19T21:51:16.361493","2022-07-19T21:51:17.740310"
"62d7275606bc2b5a497f4cb5",8,3,1,1,4,"2022-07-19T21:51:17.746084","2022-07-19T21:51:18.807695","2022-07-19T21:51:20.462700"
"62d7275906bc2b5a497f4cbb",11,5,1,1,2,"2022-07-19T21:51:20.469338","2022-07-19T21:51:21.866735","2022-07-19T21:51:22.755724"
"62d7275b06bc2b5a497f4cbf",10,4,1,1,3,"2022-07-19T21:51:22.762200","2022-07-19T21:51:23.771727","2022-07-19T21:51:25.064683"
"62d7275e06bc2b5a497f4cc4",5,2,1,1,3,"2022-07-19T21:51:25.070502","2022-07-19T21:51:26.091818","2022-07-19T21:51:27.407156"
"62d7276006bc2b5a497f4cc9",7,4,1,1,3,"2022-07-19T21:51:27.413235","2022-07-19T21:51:28.543499","2022-07-19T21:51:29.719388"
"62d7276206bc2b5a497f4cce",7,3,1,1,3,"2022-07-19T21:51:29.727571","2022-07-19T21:51:30.791031","2022-07-19T21:51:32.171128"
"62d7276506bc2b5a497f4cd3",8,3,1,1,3,"2022-07-19T21:51:32.178426","2022-07-19T21:51:33.220886","2022-07-19T21:51:34.499444"
"62d7276706bc2b5a497f4cd8",15,7,1,1,2,"2022-07-19T21:51:34.506900","2022-07-19T21:51:35.922822","2022-07-19T21:51:36.707191"
"62d7276906bc2b5a497f4cdc",5,2,1,1,3,"2022-07-19T21:51:36.715604","2022-07-19T21:51:37.782062","2022-07-19T21:51:39.063914"
"62d7276c06bc2b5a497f4ce1",7,3,1,1,2,"2022-07-19T21:51:39.073361","2022-07-19T21:51:40.104314","2022-07-19T21:51:41.110429"
"62d7276e06bc2b5a497f4ce5",9,4,1,1,3,"2022-07-19T21:51:41.119488","2022-07-19T21:51:42.139086","2022-07-19T21:51:43.505763"
