"id","word_sent","score","date","attempt","game_id"
1,"retirados",0.2222222222222222,"2022-07-11T16:39:14.934617",1,"62cc5232b9da5504aa5f8054"
2,"menciones",0.7777777777777778,"2022-07-11T16:39:15.834799",2,"62cc5232b9da5504aa5f8054"
3,"pensiones",1,"2022-07-11T16:39:16.636531",3,"62cc5232b9da5504aa5f8054"
4,"continentales",0.3076923076923077,"2022-06-28T22:44:55.794850",1,"62bb8465a43f4f7e528de403"
5,"refrigerantes",1,"2022-06-28T22:44:56.554823",2,"62bb8465a43f4f7e528de403"
6,"contenidas",0.4,"2022-07-11T16:24:49.757458",1,"62cc4ed1f18b6d7efd74e3a0"
7,"combinaban",1,"2022-07-11T16:24:50.502910",2,"62cc4ed1f18b6d7efd74e3a0"
8,"copernicanas",0.3333333333333333,"2022-06-29T15:08:50.098462",1,"62bc6afcd0c67da76c36d2b4"
9,"competidores",0.75,"2022-06-29T15:08:50.955794",2,"62bc6afcd0c67da76c36d2b4"
10,"compositores",1,"2022-06-29T15:08:51.694265",3,"62bc6afcd0c67da76c36d2b4"
11,"antirio",0.2857142857142857,"2022-07-11T17:06:57.838943",1,"62cc58afc4fc9213b3e56ff4"
12,"nicolai",0.5714285714285714,"2022-07-11T17:06:58.558754",2,"62cc58afc4fc9213b3e56ff4"
13,"minoica",1,"2022-07-11T17:06:59.198690",3,"62cc58afc4fc9213b3e56ff4"
14,"antirio",0.2857142857142857,"2022-06-28T01:19:50.967016",1,"62ba5736e27560ca5f8e296c"
15,"hipatia",0.5714285714285714,"2022-06-28T01:19:52.587208",2,"62ba5736e27560ca5f8e296c"
16,"existia",1,"2022-06-28T01:19:54.185266",3,"62ba5736e27560ca5f8e296c"
17,"camaras",0.4285714285714285,"2022-07-11T15:54:53.987711",1,"62cc47cd6d14e0c39d5cd7c5"
18,"anclada",0.4285714285714285,"2022-07-11T15:54:54.849960",2,"62cc47cd6d14e0c39d5cd7c5"
19,"luchaba",1,"2022-07-11T15:54:55.567677",3,"62cc47cd6d14e0c39d5cd7c5"
20,"concentrados",0.5833333333333334,"2022-06-28T01:09:09.224055",1,"62ba54b4e27560ca5f8e295c"
21,"congresistas",0.5,"2022-06-28T01:09:10.001167",2,"62ba54b4e27560ca5f8e295c"
22,"contrapartes",1,"2022-06-28T01:09:10.701162",3,"62ba54b4e27560ca5f8e295c"
23,"contenidas",0.3,"2022-07-11T15:50:06.209693",1,"62cc46ad6d14e0c39d5cd7c1"
24,"bombardeos",1,"2022-07-11T15:50:07.027384",2,"62cc46ad6d14e0c39d5cd7c1"
25,"cartas",0.3333333333333333,"2022-06-27T04:00:50.774450",1,"62b92b72b18b58a8b33cd398"
26,"forman",0.6666666666666666,"2022-06-27T04:00:51.494391",2,"62b92b72b18b58a8b33cd398"
27,"fernan",1,"2022-06-27T04:00:52.138880",3,"62b92b72b18b58a8b33cd398"
28,"parecido",0.125,"2022-06-30T04:01:12.296778",1,"62bd1ff6786f6860fb24bde1"
29,"forneria",1,"2022-06-30T04:01:25.477893",2,"62bd1ff6786f6860fb24bde1"
30,"caras",0.2,"2022-07-11T17:16:46.641964",1,"62cc5afdfce6102cedbaa5e8"
31,"conto",1,"2022-07-11T17:16:47.441086",2,"62cc5afdfce6102cedbaa5e8"
32,"camaras",0.2857142857142857,"2022-06-28T22:44:22.732380",1,"62bb8444a43f4f7e528de3fe"
33,"bolitas",0.4285714285714285,"2022-06-28T22:44:25.593969",2,"62bb8444a43f4f7e528de3fe"
34,"fibulas",1,"2022-06-28T22:44:27.874196",3,"62bb8444a43f4f7e528de3fe"
35,"acuciando",0.2222222222222222,"2022-07-06T21:25:29.840300",1,"62c5fdc498c8b70e312291be"
36,"alfareria",0.3333333333333333,"2022-07-06T21:25:39.362248",2,"62c5fdc498c8b70e312291be"
37,"atraviesa",1,"2022-07-06T21:25:54.997924",3,"62c5fdc498c8b70e312291be"
38,"sant",0.25,"2022-06-30T13:20:23.985518",1,"62bda317f214c5645f157f1e"
39,"zorn",0.5,"2022-06-30T13:20:24.640188",2,"62bda317f214c5645f157f1e"
40,"bron",1,"2022-06-30T13:20:25.262611",3,"62bda317f214c5645f157f1e"
41,"cartas",0.5,"2022-07-07T23:10:35.078182",1,"62c767e82d59f8d59b79da0b"
42,"compas",0.8333333333333334,"2022-07-07T23:10:35.720380",2,"62c767e82d59f8d59b79da0b"
43,"coplas",1,"2022-07-07T23:10:37.883785",3,"62c767e82d59f8d59b79da0b"
44,"acuciando",0.6666666666666666,"2022-06-28T14:36:13.681733",1,"62bb11dccaf50050bc52bf0e"
45,"anunciada",1,"2022-06-28T14:36:14.559588",2,"62bb11dccaf50050bc52bf0e"
46,"cortadas",0.125,"2022-06-30T04:27:59.863341",1,"62bd264d2a084e04126ae758"
47,"piedmont",0.25,"2022-06-30T04:28:02.444434",2,"62bd264d2a084e04126ae758"
48,"difutbol",1,"2022-06-30T04:28:05.422952",3,"62bd264d2a084e04126ae758"
49,"camaras",0.5714285714285714,"2022-07-11T17:19:34.765408",1,"62cc5ba61cca84028162bba3"
50,"maestro",0.4285714285714285,"2022-07-11T17:19:35.662264",2,"62cc5ba61cca84028162bba3"
51,"marlise",1,"2022-07-11T17:19:36.420002",3,"62cc5ba61cca84028162bba3"
52,"caro",0.25,"2022-07-11T16:21:47.056838",1,"62cc4e1af18b6d7efd74e39a"
53,"alta",0.25,"2022-07-11T16:21:47.696845",2,"62cc4e1af18b6d7efd74e39a"
54,"dean",0.25,"2022-07-11T16:21:48.376934",3,"62cc4e1af18b6d7efd74e39a"
55,"unas",1,"2022-07-11T16:21:49.116831",4,"62cc4e1af18b6d7efd74e39a"
56,"peloritanos",0.3636363636363636,"2022-06-28T13:32:36.514828",1,"62bb02f36f62cf58738a4e32"
57,"competencia",1,"2022-06-28T13:32:37.471448",2,"62bb02f36f62cf58738a4e32"
58,"contentos",0.1111111111111111,"2022-06-27T04:06:28.643720",1,"62b92cc3b18b58a8b33cd3aa"
59,"scarlatti",1,"2022-06-27T04:06:29.317983",2,"62b92cc3b18b58a8b33cd3aa"
60,"marido",0,"2022-06-28T01:05:51.542208",1,"62ba53eee27560ca5f8e2956"
61,"puente",0.3333333333333333,"2022-06-28T01:05:52.299768",2,"62ba53eee27560ca5f8e2956"
62,"juzgue",0.5,"2022-06-28T01:05:52.980007",3,"62ba53eee27560ca5f8e2956"
63,"busque",1,"2022-06-28T01:05:53.681574",4,"62ba53eee27560ca5f8e2956"
64,"enlentecimiento",0.4,"2022-06-28T18:20:18.260808",1,"62bb4661419616b2b97b3f68"
65,"norteamericanas",1,"2022-06-28T18:20:19.580490",2,"62bb4661419616b2b97b3f68"
66,"cuida",0.4,"2022-07-11T16:59:57.815917",1,"62cc570d52c378a1a5f110f8"
67,"quena",0.6,"2022-07-11T16:59:58.515906",2,"62cc570d52c378a1a5f110f8"
68,"juega",1,"2022-07-11T16:59:59.235887",3,"62cc570d52c378a1a5f110f8"
69,"cotidianos",0.5,"2022-07-11T16:57:13.884788",1,"62cc5668147c89413dab50e5"
70,"atraviesan",0.4,"2022-07-11T16:57:14.870584",2,"62cc5668147c89413dab50e5"
71,"existirian",1,"2022-07-11T16:57:15.524831",3,"62cc5668147c89413dab50e5"
72,"camaras",0.2857142857142857,"2022-06-30T12:58:45.295953",1,"62bd9e0492c07708e7f53bbd"
73,"citando",0.2857142857142857,"2022-06-30T12:58:46.070932",2,"62bd9e0492c07708e7f53bbd"
74,"cobalto",1,"2022-06-30T12:58:46.705164",3,"62bd9e0492c07708e7f53bbd"
75,"peloritanos",0.3636363636363636,"2022-06-30T13:22:29.419544",1,"62bda394f214c5645f157f23"
76,"desempe単ado",1,"2022-06-30T13:22:30.181894",2,"62bda394f214c5645f157f23"
77,"copernicanas",0.5,"2022-07-11T16:37:58.439276",1,"62cc51e5b9da5504aa5f8050"
78,"encarcelados",1,"2022-07-11T16:37:59.235884",2,"62cc51e5b9da5504aa5f8050"
79,"marido",0.1666666666666666,"2022-07-11T17:30:46.213186",1,"62cc5e451e2ebc89b6def199"
80,"severo",0.5,"2022-07-11T17:30:46.957342",2,"62cc5e451e2ebc89b6def199"
81,"tesoro",1,"2022-07-11T17:30:47.728466",3,"62cc5e451e2ebc89b6def199"
82,"sant",0.5,"2022-06-29T15:10:07.318399",1,"62bc6b4dd0c67da76c36d2b9"
83,"spam",0.5,"2022-06-29T15:10:09.138181",2,"62bc6b4dd0c67da76c36d2b9"
84,"shaw",1,"2022-06-29T15:10:10.237051",3,"62bc6b4dd0c67da76c36d2b9"
85,"cortadas",0.25,"2022-06-28T18:57:10.879395",1,"62bb4f066b368afcac72a2d7"
86,"paniscus",1,"2022-06-28T18:57:11.838885",2,"62bb4f066b368afcac72a2d7"
87,"contras",0.2857142857142857,"2022-06-27T04:03:19.477711",1,"62b92c06b18b58a8b33cd3a2"
88,"ohrdruf",1,"2022-06-27T04:03:20.161693",2,"62b92c06b18b58a8b33cd3a2"
89,"retirados",0.1111111111111111,"2022-06-27T02:21:14.132057",1,"62b91418bb913dc50f84ff48"
90,"predicado",0.1111111111111111,"2022-06-27T02:21:17.415990",2,"62b91418bb913dc50f84ff48"
91,"mordechai",1,"2022-06-27T02:21:21.799076",3,"62b91418bb913dc50f84ff48"
92,"reiniciaron",0.4545454545454545,"2022-07-11T17:30:11.790710",1,"62cc5e221e2ebc89b6def194"
93,"cooperacion",0.6363636363636364,"2022-07-11T17:30:12.493868",2,"62cc5e221e2ebc89b6def194"
94,"elaboracion",1,"2022-07-11T17:30:13.207978",3,"62cc5e221e2ebc89b6def194"
95,"cotidianos",0.4,"2022-06-28T14:11:09.110553",1,"62bb0bfc08db385bff50da06"
96,"reconcilio",1,"2022-06-28T14:11:10.094844",2,"62bb0bfc08db385bff50da06"
97,"cotidianos",0.3,"2022-07-11T16:43:20.975294",1,"62cc5328b9da5504aa5f8059"
98,"anarquismo",1,"2022-07-11T16:43:21.795127",2,"62cc5328b9da5504aa5f8059"
99,"marido",0.3333333333333333,"2022-06-30T04:31:11.088579",1,"62bd270e2a084e04126ae767"
100,"citera",0.3333333333333333,"2022-06-30T04:31:13.425332",2,"62bd270e2a084e04126ae767"
101,"russia",1,"2022-06-30T04:31:14.177995",3,"62bd270e2a084e04126ae767"
102,"camaras",0.2857142857142857,"2022-06-27T02:18:38.771317",1,"62b9137d50aef8665dadd83a"
103,"huertos",0.2857142857142857,"2022-06-27T02:18:42.769703",2,"62b9137d50aef8665dadd83a"
104,"orestis",0.8571428571428571,"2022-06-27T02:18:51.052815",3,"62b9137d50aef8665dadd83a"
105,"orestes",1,"2022-06-27T02:18:57.668937",4,"62b9137d50aef8665dadd83a"
106,"reiniciaron",0.3636363636363636,"2022-06-27T04:04:32.559925",1,"62b92c4fb18b58a8b33cd3a6"
107,"neokantiano",1,"2022-06-27T04:04:33.158619",2,"62b92c4fb18b58a8b33cd3a6"
108,"contentos",0.2222222222222222,"2022-06-28T01:14:05.181051",1,"62ba55dbe27560ca5f8e2967"
109,"vislumbro",0.3333333333333333,"2022-06-28T01:14:05.966349",2,"62ba55dbe27560ca5f8e2967"
110,"philosoph",1,"2022-06-28T01:14:06.875351",3,"62ba55dbe27560ca5f8e2967"
111,"acuciando",0.2222222222222222,"2022-06-27T02:04:51.621732",1,"62b910425a023240d75fb2ed"
112,"manejaria",1,"2022-06-27T02:04:52.379233",2,"62b910425a023240d75fb2ed"
113,"parecido",0.25,"2022-06-28T01:02:14.278557",1,"62ba5315e27560ca5f8e2951"
114,"valiente",0.375,"2022-06-28T01:02:15.261980",2,"62ba5315e27560ca5f8e2951"
115,"bailable",1,"2022-06-28T01:02:15.978545",3,"62ba5315e27560ca5f8e2951"
116,"copernicanas",0.3333333333333333,"2022-07-11T17:23:36.244258",1,"62cc5c971cca84028162bba8"
117,"pretendieron",1,"2022-07-11T17:23:36.961893",2,"62cc5c971cca84028162bba8"
118,"parecido",0.375,"2022-07-11T18:09:36.683510",1,"62cc675f9868a0951f3dbfe3"
119,"proteina",1,"2022-07-11T18:09:37.603409",2,"62cc675f9868a0951f3dbfe3"
120,"acuciando",0.4444444444444444,"2022-07-11T18:11:20.250308",1,"62cc67c79155744d024c84bf"
121,"variacion",0.6666666666666666,"2022-07-11T18:11:21.110324",2,"62cc67c79155744d024c84bf"
122,"relaciona",1,"2022-07-11T18:11:21.812566",3,"62cc67c79155744d024c84bf"
123,"cartas",0.3333333333333333,"2022-07-12T13:32:29.996007",1,"62cd77ed214aa85635518eaa"
124,"lograr",0.5,"2022-07-12T13:32:30.674851",2,"62cd77ed214aa85635518eaa"
125,"llevar",1,"2022-07-12T13:32:31.362615",3,"62cd77ed214aa85635518eaa"
126,"parecido",0.625,"2022-07-15T17:13:09.766842",1,"62d1a025fd1a1eb441af1a33"
127,"paradoja",1,"2022-07-15T17:13:10.739960",2,"62d1a025fd1a1eb441af1a33"
128,"retirados",0.2222222222222222,"2022-07-11T19:21:57.464238",1,"62cc78548089b6a176949887"
129,"urbanismo",0.3333333333333333,"2022-07-11T19:21:58.459171",2,"62cc78548089b6a176949887"
130,"sopranino",0.4444444444444444,"2022-07-11T19:21:59.140702",3,"62cc78548089b6a176949887"
131,"asincrono",1,"2022-07-11T19:21:59.862970",4,"62cc78548089b6a176949887"
132,"marido",0.5,"2022-07-11T17:23:57.304573",1,"62cc5cac1cca84028162bbac"
133,"re単ida",0.8333333333333334,"2022-07-11T17:23:58.083959",2,"62cc5cac1cca84028162bbac"
134,"regida",1,"2022-07-11T17:23:58.821873",3,"62cc5cac1cca84028162bbac"
135,"retirados",0.4444444444444444,"2022-07-12T13:16:10.757878",1,"62cd741a721debaa6dfa57e1"
136,"nutricion",0.8888888888888888,"2022-07-12T13:16:11.695289",2,"62cd741a721debaa6dfa57e1"
137,"nutrition",1,"2022-07-12T13:16:12.374721",3,"62cd741a721debaa6dfa57e1"
138,"adquiria",0.125,"2022-07-11T19:36:41.848317",1,"62cc7bc815e8ce9a5cbe150e"
139,"ideologo",1,"2022-07-11T19:36:42.585704",2,"62cc7bc815e8ce9a5cbe150e"
140,"contras",0.2857142857142857,"2022-07-11T18:20:11.951391",1,"62cc69db76789d388bf2332b"
141,"whitman",1,"2022-07-11T18:20:12.631920",2,"62cc69db76789d388bf2332b"
142,"retirados",0.3333333333333333,"2022-07-11T17:46:30.995053",1,"62cc61f66dc90bb63fa980c5"
143,"informaba",0.5555555555555556,"2022-07-11T17:46:32.017780",2,"62cc61f66dc90bb63fa980c5"
144,"incorpora",1,"2022-07-11T17:46:32.674183",3,"62cc61f66dc90bb63fa980c5"
145,"camaras",0.4285714285714285,"2022-07-16T00:15:25.845985",1,"62d2031dd09b48d2d6935d34"
146,"colinas",0.5714285714285714,"2022-07-16T00:15:26.623899",2,"62d2031dd09b48d2d6935d34"
147,"cenizas",1,"2022-07-16T00:15:27.363904",3,"62d2031dd09b48d2d6935d34"
148,"marido",0.1666666666666666,"2022-07-11T22:42:55.514908",1,"62cca76e97d6c4ab43ccb627"
149,"coloca",1,"2022-07-11T22:42:56.272129",2,"62cca76e97d6c4ab43ccb627"
150,"peloritanos",0.3636363636363636,"2022-07-16T01:16:24.481497",1,"62d2116761648e93239fa4a3"
151,"profesional",1,"2022-07-16T01:16:25.303448",2,"62d2116761648e93239fa4a3"
152,"camaras",0.5714285714285714,"2022-07-16T03:06:37.120569",1,"62d22b3c6dea7ef17803d2ab"
153,"ba単adas",0.5714285714285714,"2022-07-16T03:06:37.943905",2,"62d22b3c6dea7ef17803d2ab"
154,"haza単as",1,"2022-07-16T03:06:38.621415",3,"62d22b3c6dea7ef17803d2ab"
155,"cuida",0.2,"2022-07-16T03:05:54.442866",1,"62d22b116dea7ef17803d2a6"
156,"sirio",0.2,"2022-07-16T03:05:55.102681",2,"62d22b116dea7ef17803d2a6"
157,"logie",1,"2022-07-16T03:05:55.802274",3,"62d22b116dea7ef17803d2a6"
158,"antirio",0.42857142857142855,"2022-07-16T03:14:17.705796",1,"62d22d09373d811b82ed998a"
159,"materia",0.5714285714285714,"2022-07-16T03:14:18.406203",2,"62d22d09373d811b82ed998a"
160,"estaria",1,"2022-07-16T03:14:19.106376",3,"62d22d09373d811b82ed998a"
161,"copernicanas",0.3333333333333333,"2022-07-16T03:20:36.188126",1,"62d22e83373d811b82ed9996"
162,"constitutiva",1,"2022-07-16T03:20:36.930745",2,"62d22e83373d811b82ed9996"
163,"antirio",0.42857142857142855,"2022-07-16T03:20:43.670258",1,"62d22e8a373d811b82ed999a"
164,"enrique",1,"2022-07-16T03:20:44.332597",2,"62d22e8a373d811b82ed999a"
165,"cortadas",0.25,"2022-07-16T03:20:49.490503",1,"62d22e90373d811b82ed999e"
166,"paternos",0.875,"2022-07-16T03:20:50.328013",2,"62d22e90373d811b82ed999e"
167,"maternos",1,"2022-07-16T03:20:51.034435",3,"62d22e90373d811b82ed999e"
168,"caras",0,"2022-07-16T03:20:56.472670",1,"62d22e97373d811b82ed99a3"
169,"ponen",0.2,"2022-07-16T03:20:57.188033",2,"62d22e97373d811b82ed99a3"
170,"hindi",0.8,"2022-07-16T03:20:57.828053",3,"62d22e97373d811b82ed99a3"
171,"kindi",1,"2022-07-16T03:20:58.472935",4,"62d22e97373d811b82ed99a3"
172,"parecido",0.375,"2022-07-16T03:21:04.548060",1,"62d22e9f373d811b82ed99a9"
173,"creceria",0.5,"2022-07-16T03:21:05.410457",2,"62d22e9f373d811b82ed99a9"
174,"renuncia",0.5,"2022-07-16T03:21:06.033097",3,"62d22e9f373d811b82ed99a9"
175,"escribia",1,"2022-07-16T03:21:06.688016",4,"62d22e9f373d811b82ed99a9"
176,"parecido",0.25,"2022-07-16T03:21:12.011209",1,"62d22ea7373d811b82ed99af"
177,"lagunera",0.25,"2022-07-16T03:21:12.893455",2,"62d22ea7373d811b82ed99af"
178,"rathenau",1,"2022-07-16T03:21:13.548787",3,"62d22ea7373d811b82ed99af"
179,"acuciando",0.3333333333333333,"2022-07-16T03:21:21.608793",1,"62d22eb0373d811b82ed99b4"
180,"sovietica",0.4444444444444444,"2022-07-16T03:21:22.232469",2,"62d22eb0373d811b82ed99b4"
181,"ofreciera",1,"2022-07-16T03:21:22.951015",3,"62d22eb0373d811b82ed99b4"
182,"transmiten",0.6,"2022-07-16T03:21:28.273692",1,"62d22eb7373d811b82ed99b9"
183,"transformo",1,"2022-07-16T03:21:29.008938",2,"62d22eb7373d811b82ed99b9"
184,"cartas",0.3333333333333333,"2022-07-16T03:21:33.933523",1,"62d22ebd373d811b82ed99bd"
185,"tarzan",0.8333333333333334,"2022-07-16T03:21:34.633651",2,"62d22ebd373d811b82ed99bd"
186,"tardan",1,"2022-07-16T03:21:35.251094",3,"62d22ebd373d811b82ed99bd"
187,"caras",0.4,"2022-07-16T03:21:39.728828",1,"62d22ec2373d811b82ed99c2"
188,"pacis",1,"2022-07-16T03:21:40.471242",2,"62d22ec2373d811b82ed99c2"
189,"cotidianos",0.2,"2022-07-16T03:21:46.131576",1,"62d22ec9373d811b82ed99c6"
190,"exhaustiva",0.4,"2022-07-16T03:21:46.868843",2,"62d22ec9373d811b82ed99c6"
191,"paisajista",1,"2022-07-16T03:21:47.471786",3,"62d22ec9373d811b82ed99c6"
192,"cartas",0,"2022-07-16T03:21:52.191415",1,"62d22ecf373d811b82ed99cb"
193,"vellon",0.3333333333333333,"2022-07-16T03:21:52.931310",2,"62d22ecf373d811b82ed99cb"
194,"kidney",0.16666666666666666,"2022-07-16T03:21:53.530954",3,"62d22ecf373d811b82ed99cb"
195,"edmund",1,"2022-07-16T03:21:54.171088",4,"62d22ecf373d811b82ed99cb"
196,"caras",0,"2022-07-16T03:21:59.094798",1,"62d22ed6373d811b82ed99d1"
197,"ponen",0.6,"2022-07-16T03:21:59.893393",2,"62d22ed6373d811b82ed99d1"
198,"pound",0.6,"2022-07-16T03:22:00.531366",3,"62d22ed6373d811b82ed99d1"
199,"point",1,"2022-07-16T03:22:01.248823",4,"62d22ed6373d811b82ed99d1"
200,"parecido",0.5,"2022-07-16T03:23:10.490374",1,"62d22f1d373d811b82ed99d7"
201,"especies",1,"2022-07-16T03:23:11.335640",2,"62d22f1d373d811b82ed99d7"
202,"peloritanos",0.36363636363636365,"2022-07-16T03:23:16.530555",1,"62d22f23373d811b82ed99db"
203,"septuaginta",1,"2022-07-16T03:23:17.355308",2,"62d22f23373d811b82ed99db"
204,"contenidas",0.3,"2022-07-16T03:23:22.612745",1,"62d22f29373d811b82ed99df"
205,"declarando",0.8,"2022-07-16T03:23:23.392663",2,"62d22f29373d811b82ed99df"
206,"declararon",1,"2022-07-16T03:23:24.112810",3,"62d22f29373d811b82ed99df"
207,"peloritanos",0.2727272727272727,"2022-07-16T03:23:29.016470",1,"62d22f30373d811b82ed99e4"
208,"duplicacion",0.8181818181818182,"2022-07-16T03:23:29.852841",2,"62d22f30373d811b82ed99e4"
209,"implicacion",1,"2022-07-16T03:23:30.552884",3,"62d22f30373d811b82ed99e4"
210,"contraatacados",0.35714285714285715,"2022-07-16T03:23:35.492593",1,"62d22f36373d811b82ed99e9"
211,"hidroelectrica",1,"2022-07-16T03:23:36.176042",2,"62d22f36373d811b82ed99e9"
212,"contratados",0.45454545454545453,"2022-07-16T03:23:40.830347",1,"62d22f3c373d811b82ed99ed"
213,"comandantes",1,"2022-07-16T03:23:41.472786",2,"62d22f3c373d811b82ed99ed"
214,"camaras",0.42857142857142855,"2022-07-16T03:23:45.630391",1,"62d22f40373d811b82ed99f1"
215,"rurales",0.5714285714285714,"2022-07-16T03:23:46.432681",2,"62d22f40373d811b82ed99f1"
216,"ropajes",0.8571428571428571,"2022-07-16T03:23:47.152651",3,"62d22f40373d811b82ed99f1"
217,"rodajes",1,"2022-07-16T03:23:47.816138",4,"62d22f40373d811b82ed99f1"
218,"camaras",0.14285714285714285,"2022-07-16T03:23:52.910339",1,"62d22f48373d811b82ed99f7"
219,"sentada",0.42857142857142855,"2022-07-16T03:23:53.772918",2,"62d22f48373d811b82ed99f7"
220,"gustave",1,"2022-07-16T03:23:54.392615",3,"62d22f48373d811b82ed99f7"
221,"cortadas",0.375,"2022-07-16T03:23:59.072829",1,"62d22f4e373d811b82ed99fc"
222,"honecker",0.375,"2022-07-16T03:23:59.873103",2,"62d22f4e373d811b82ed99fc"
223,"folclore",1,"2022-07-16T03:24:00.536110",3,"62d22f4e373d811b82ed99fc"
224,"contentos",0.3333333333333333,"2022-07-16T03:24:04.830356",1,"62d22f54373d811b82ed9a01"
225,"cartwheel",1,"2022-07-16T03:24:05.474665",2,"62d22f54373d811b82ed9a01"
226,"caras",0.2,"2022-07-16T03:24:10.033817",1,"62d22f59373d811b82ed9a05"
227,"minos",0.6,"2022-07-16T03:24:10.751111",2,"62d22f59373d811b82ed9a05"
228,"moyos",0.8,"2022-07-16T03:24:11.433477",3,"62d22f59373d811b82ed9a05"
229,"motos",0.8,"2022-07-16T03:24:12.133825",4,"62d22f59373d811b82ed9a05"
230,"modos",1,"2022-07-16T03:24:12.861917",5,"62d22f59373d811b82ed9a05"
231,"cotidianos",0.3,"2022-07-16T03:24:22.311111",1,"62d22f65373d811b82ed9a0c"
232,"incitacion",0.9,"2022-07-16T03:24:23.072891",2,"62d22f65373d811b82ed9a0c"
233,"invitacion",1,"2022-07-16T03:24:23.773837",3,"62d22f65373d811b82ed9a0c"
234,"parecido",0.25,"2022-07-16T03:24:28.313534",1,"62d22f6b373d811b82ed9a11"
235,"trueques",1,"2022-07-16T03:24:29.176987",2,"62d22f6b373d811b82ed9a11"
236,"retirados",0.2222222222222222,"2022-07-16T03:24:34.175687",1,"62d22f71373d811b82ed9a15"
237,"escandalo",1,"2022-07-16T03:24:35.097648",2,"62d22f71373d811b82ed9a15"
238,"internamiento",0.38461538461538464,"2022-07-16T03:24:43.757874",1,"62d22f7b373d811b82ed9a19"
239,"paramilitares",1,"2022-07-16T03:24:44.513664",2,"62d22f7b373d811b82ed9a19"
240,"contenidas",0.4,"2022-07-16T03:24:48.816810",1,"62d22f80373d811b82ed9a1d"
241,"chipriotas",1,"2022-07-16T03:24:49.633833",2,"62d22f80373d811b82ed9a1d"
242,"internamiento",0.3076923076923077,"2022-07-16T03:24:54.073658",1,"62d22f85373d811b82ed9a21"
243,"latitudinales",0.9230769230769231,"2022-07-16T03:24:54.713721",2,"62d22f85373d811b82ed9a21"
244,"altitudinales",1,"2022-07-16T03:24:55.453490",3,"62d22f85373d811b82ed9a21"
245,"marido",0.5,"2022-07-16T03:24:59.733651",1,"62d22f8b373d811b82ed9a26"
246,"taraki",1,"2022-07-16T03:25:00.531054",2,"62d22f8b373d811b82ed9a26"
247,"marido",0.16666666666666666,"2022-07-16T03:25:05.497936",1,"62d22f90373d811b82ed9a2a"
248,"vienes",0.5,"2022-07-16T03:25:06.253391",2,"62d22f90373d811b82ed9a2a"
249,"exigen",0.8333333333333334,"2022-07-16T03:25:06.873549",3,"62d22f90373d811b82ed9a2a"
250,"eligen",1,"2022-07-16T03:25:07.513368",4,"62d22f90373d811b82ed9a2a"
251,"antirio",0.2857142857142857,"2022-07-16T03:25:12.251919",1,"62d22f97373d811b82ed9a30"
252,"vegecio",0.42857142857142855,"2022-07-16T03:25:12.874191",2,"62d22f97373d811b82ed9a30"
253,"expolio",1,"2022-07-16T03:25:13.554510",3,"62d22f97373d811b82ed9a30"
254,"barry",0.2,"2022-07-16T03:25:20.731875",1,"62d22fa0373d811b82ed9a35"
255,"trust",1,"2022-07-16T03:25:21.331893",2,"62d22fa0373d811b82ed9a35"
256,"controvertidas",0.6428571428571429,"2022-07-16T03:25:28.075858",1,"62d22fa7373d811b82ed9a39"
257,"descontroladas",1,"2022-07-16T03:25:28.694332",2,"62d22fa7373d811b82ed9a39"
258,"camaras",0.14285714285714285,"2022-07-16T03:25:39.431850",1,"62d22fb2373d811b82ed9a3d"
259,"limosna",0.2857142857142857,"2022-07-16T03:25:40.278746",2,"62d22fb2373d811b82ed9a3d"
260,"semilla",1,"2022-07-16T03:25:40.954405",3,"62d22fb2373d811b82ed9a3d"
261,"antirio",0.42857142857142855,"2022-07-16T03:25:45.334456",1,"62d22fb8373d811b82ed9a42"
262,"furioso",0.42857142857142855,"2022-07-16T03:25:46.016232",2,"62d22fb8373d811b82ed9a42"
263,"residuo",1,"2022-07-16T03:25:46.717991",3,"62d22fb8373d811b82ed9a42"
264,"contenidas",0.3,"2022-07-16T03:25:50.794413",1,"62d22fbe373d811b82ed9a47"
265,"perdedores",1,"2022-07-16T03:25:51.614582",2,"62d22fbe373d811b82ed9a47"
266,"parecido",0.25,"2022-07-16T03:25:55.778181",1,"62d22fc3373d811b82ed9a4b"
267,"caminaba",0.875,"2022-07-16T03:25:56.594151",2,"62d22fc3373d811b82ed9a4b"
268,"cambiaba",1,"2022-07-16T03:25:57.274358",3,"62d22fc3373d811b82ed9a4b"
269,"caras",0.2,"2022-07-16T03:26:01.771923",1,"62d22fc8373d811b82ed9a50"
270,"plata",0.4,"2022-07-16T03:26:02.474614",2,"62d22fc8373d811b82ed9a50"
271,"lleva",1,"2022-07-16T03:26:03.154438",3,"62d22fc8373d811b82ed9a50"
272,"parecido",0.5,"2022-07-16T03:26:07.694320",1,"62d22fce373d811b82ed9a55"
273,"escenico",1,"2022-07-16T03:26:08.536780",2,"62d22fce373d811b82ed9a55"
274,"retirados",0.3333333333333333,"2022-07-16T03:26:13.155144",1,"62d22fd4373d811b82ed9a59"
275,"encargaba",0.8888888888888888,"2022-07-16T03:26:14.175200",2,"62d22fd4373d811b82ed9a59"
276,"encargara",1,"2022-07-16T03:26:14.795271",3,"62d22fd4373d811b82ed9a59"
277,"antirio",0.42857142857142855,"2022-07-16T03:26:18.895269",1,"62d22fda373d811b82ed9a5e"
278,"sitiado",1,"2022-07-16T03:26:19.672706",2,"62d22fda373d811b82ed9a5e"
279,"caras",0.2,"2022-07-16T03:26:23.777580",1,"62d22fdf373d811b82ed9a62"
280,"plata",0.6,"2022-07-16T03:26:24.478771",2,"62d22fdf373d811b82ed9a62"
281,"flota",1,"2022-07-16T03:26:25.155257",3,"62d22fdf373d811b82ed9a62"
282,"cartas",0.16666666666666666,"2022-07-16T03:26:52.736955",1,"62d22ffc373d811b82ed9a67"
283,"romper",0.5,"2022-07-16T03:26:53.395139",2,"62d22ffc373d811b82ed9a67"
284,"humber",1,"2022-07-16T03:26:54.035250",3,"62d22ffc373d811b82ed9a67"
285,"autodesignacion",0.3333333333333333,"2022-07-16T03:26:59.092785",1,"62d23002373d811b82ed9a6c"
286,"ecuatorialvalle",1,"2022-07-16T03:26:59.732710",2,"62d23002373d811b82ed9a6c"
287,"caras",0.2,"2022-07-16T03:27:04.195672",1,"62d23007373d811b82ed9a70"
288,"conto",0.6,"2022-07-16T03:27:04.934981",2,"62d23007373d811b82ed9a70"
289,"combo",1,"2022-07-16T03:27:05.597529",3,"62d23007373d811b82ed9a70"
290,"cartas",0.3333333333333333,"2022-07-16T03:27:09.558935",1,"62d2300c373d811b82ed9a75"
291,"pastel",0.6666666666666666,"2022-07-16T03:27:10.179413",2,"62d2300c373d811b82ed9a75"
292,"mastil",1,"2022-07-16T03:27:10.899212",3,"62d2300c373d811b82ed9a75"
293,"camaras",0.2857142857142857,"2022-07-16T03:29:00.396533",1,"62d2307b373d811b82ed9a7a"
294,"trafico",0.8571428571428571,"2022-07-16T03:29:01.236921",2,"62d2307b373d811b82ed9a7a"
295,"tragico",1,"2022-07-16T03:29:01.914242",3,"62d2307b373d811b82ed9a7a"
296,"contenidas",0.4,"2022-07-16T03:36:24.232330",1,"62d23237c8b8a725344e19f4"
297,"desabridos",1,"2022-07-16T03:36:25.034273",2,"62d23237c8b8a725344e19f4"
298,"peloritanos",0.36363636363636365,"2022-07-16T03:39:27.632612",1,"62d232eec8b8a725344e19f8"
299,"reivindicar",0.45454545454545453,"2022-07-16T03:39:28.292001",2,"62d232eec8b8a725344e19f8"
300,"gendarmeria",1,"2022-07-16T03:39:29.011631",3,"62d232eec8b8a725344e19f8"
301,"peloritanos",0.5454545454545454,"2022-07-16T03:39:35.069867",1,"62d232f6c8b8a725344e19fd"
302,"geometricos",1,"2022-07-16T03:39:35.869503",2,"62d232f6c8b8a725344e19fd"
303,"contenidas",0.4,"2022-07-16T03:39:41.389503",1,"62d232fcc8b8a725344e1a01"
304,"peligrosas",1,"2022-07-16T03:39:42.109663",2,"62d232fcc8b8a725344e1a01"
305,"camaras",0.14285714285714285,"2022-07-16T03:40:00.692673",1,"62d2330fc8b8a725344e1a05"
306,"vengada",0.14285714285714285,"2022-07-16T03:40:01.475079",2,"62d2330fc8b8a725344e1a05"
307,"uballit",1,"2022-07-16T03:40:02.134674",3,"62d2330fc8b8a725344e1a05"
308,"camaras",0.2857142857142857,"2022-07-16T03:41:28.752843",1,"62d23368c8b8a725344e1a0a"
309,"trafico",0.7142857142857143,"2022-07-16T03:41:29.615212",2,"62d23368c8b8a725344e1a0a"
310,"turbaco",1,"2022-07-16T03:41:30.250423",3,"62d23368c8b8a725344e1a0a"
311,"sant",0.25,"2022-07-16T04:32:34.171194",1,"62d23f611a0cf9fab988e55b"
312,"kish",0.5,"2022-07-16T04:32:34.791299",2,"62d23f611a0cf9fab988e55b"
313,"reks",1,"2022-07-16T04:32:35.393668",3,"62d23f611a0cf9fab988e55b"
